Виловатово;Виловатово;
Волжск;Волжск;
Звенигово;Звенигово;
Знаменский;Знаменский;
Йошкар-Ола;Йошкар-Ола, Йошка;
Кельмаксола;Кельмаксола;
Килемары;Килемары;
Козьмодемьянск;Козьмодемьянск;
Красногорский;Красногорский;
Краснооктябрьский;Краснооктябрьский;
Куженер;Куженер;
Мари-Турек;Мари-Турек;
Медведево;Медведево;
Морки;Морки;
Новый Торъял;Новый Торъял;
Оршанка;Оршанка;
Параньга;Параньга;
Приволжский;Приволжский;
Сернур;Сернур;
Советский;Советский;
Юрино;Юрино;
Агрыз;Агрыз;
Азнакаево;Азнакаево;
Айша;Айша;
Аксубаево;Аксубаево;
Актаныш;Актаныш;
Актюбинский;Актюбинский;
Алексеевское;Алексеевское;
Альметьевск;Альметьевск;
Апастово;Апастово;
Арск;Арск;
Бавлы;Бавлы;
Базарные Матаки;Базарные Матаки;
Балтаси;Балтаси;
Бетьки;Бетьки;
Богатые Сабы;Богатые Сабы;
Болгар;Болгар;
Большая Атня;Большая Атня;
Большие Кайбицы;Большие Кайбицы;
Бугульма;Бугульма;
Буинск;Буинск;
Верхний Услон;Верхний Услон;
Высокая Гора;Высокая Гора;
Джалиль;Джалиль;
Елабуга;Елабуга;
Заинск;Заинск;
Зеленодольск;Зеленодольск;
Иннополис;Иннополис;
Казань;Казань;
Камские Поляны;Камские Поляны;
Камское Устье;Камское Устье;
Карабаш;Карабаш;
Куйбышевский Затон;Куйбышевский Затон;
Кукмор;Кукмор;
Лаишево;Лаишево;
Лениногорск;Лениногорск;
Мамадыш;Мамадыш;
Менделеевск;Менделеевск;
Мензелинск;Мензелинск;
Муслюмово;Муслюмово;
Набережные Челны;Набережные Челны;
Нижнекамск;Нижнекамск;
Нижние Вязовые;Нижние Вязовые;
Нижняя Мактама;Нижняя Мактама;
Новошешминск;Новошешминск;
Нурлат;Нурлат;
Осиново;Осиново;
Пестрецы;Пестрецы;
Русский Акташ;Русский Акташ;
Рыбная Слобода;Рыбная Слобода;
Сарманово;Сарманово;
Старое Дрожжаное;Старое Дрожжаное;
Тетюши;Тетюши;
Тюлячи;Тюлячи;
Убей;Убей;
Уруссу;Уруссу;
Черемшан;Черемшан;
Чистополь;Чистополь;
Чувашское Дрожжаное;Чувашское Дрожжаное;
Шемордан;Шемордан;
Алнаши;Алнаши;
Балезино;Балезино;
Большой Зетым;Большой Зетым;
Вавож;Вавож;
Воткинск;Воткинск;
Глазов;Глазов;
Грахово;Грахово;
Дебёсы;Дебёсы;
Ершовка;Ершовка;
Завьялово;Завьялово;
Засеково;Засеково;
Игра;Игра;
Ижевск;Ижевск;
Камбарка;Камбарка;
Каракулино;Каракулино;
Кез;Кез;
Кизнер;Кизнер;
Кильмезь;Кильмезь;
Киясово;Киясово;
Красногорское;Красногорское;
Малая Пурга;Малая Пурга;
Можга;Можга;
Пирогово;Пирогово;
Санкт-Петербург;Петербург,Питер,Спб;
Сарапул;Сарапул;
Селты;Селты;
Сигаево;Сигаево;
Сюмси;Сюмси;
Ува;Ува;
Хохряки;Хохряки;
Шаркан;Шаркан;
Юкаменское;Юкаменское;
Якшур-Бодья;Якшур-Бодья;
Яр;Яр;
Алатырь;Алатырь;
Аликово;Аликово;
Батырево;Батырево;
Большой Сундырь;Большой Сундырь;
Вурнары;Вурнары;
Ибреси;Ибреси;
Ишлеи;Ишлеи;
Канаш;Канаш;
Козловка;Козловка;
Комсомольское;Комсомольское;
Красноармейское;Красноармейское;
Красные Четаи;Красные Четаи;
Кугеси;Кугеси;
Мариинский Посад;Мариинский Посад;
Моргауши;Моргауши;
Новое Атлашево;Новое Атлашево;
Новочебоксарск;Новочебоксарск;
Новые Лапсары;Новые Лапсары;
Порецкое;Порецкое;
Урмары;Урмары;
Цивильск;Цивильск;
Чебоксары;Чебоксары;
Шемурша;Шемурша;
Шихазаны;Шихазаны;
Шумерля;Шумерля;
Шыгырдан;Шыгырдан;
Юськасы;Юськасы;
Ядрин;Ядрин;
Яльчики;Яльчики;
Янтиково;Янтиково;
Агинское;Агинское;
Акша;Акша;
Александровский Завод;Александровский Завод;
Атамановка;Атамановка;
Балей;Балей;
Борзя;Борзя;
Верх-Усугли;Верх-Усугли;
Вершино-Дарасунский;Вершино-Дарасунский;
Газимурский Завод;Газимурский Завод;
Горный;Горный;
Дарасун;Дарасун;
Домна;Домна;
Дульдурга;Дульдурга;
Забайкальск;Забайкальск;
Калга;Калга;
Карымское;Карымское;
Кокуй;Кокуй;
Краснокаменск;Краснокаменск;
Красный Чикой;Красный Чикой;
Кыра;Кыра;
Могойтуй;Могойтуй;
Могоча;Могоча;
Нерчинск;Нерчинск;
Нерчинский Завод;Нерчинский Завод;
Нижний Цасучей;Нижний Цасучей;
Новая Чара;Новая Чара;
Новокручининский;Новокручининский;
Оловянная;Оловянная;
Первомайский;Первомайский;
Петровск-Забайкальский;Петровск-Забайкальский;
Приаргунск;Приаргунск;
Сретенск;Сретенск;
Улёты;Улёты;
Хилок;Хилок;
Холбон;Холбон;
Чернышевск;Чернышевск;
Чита;Чита;
Шелопугино;Шелопугино;
Шерловая Гора;Шерловая Гора;
Шилка;Шилка;
Ясная;Ясная;
Ясногорск;Ясногорск;
Алексеевск;Алексеевск;
Алзамай;Алзамай;
Ангарск;Ангарск;
Байкальск;Байкальск;
Балаганск;Балаганск;
Белореченский;Белореченский;
Бирюсинск;Бирюсинск;
Бодайбо;Бодайбо;
Большой Луг;Большой Луг;
Бохан;Бохан;
Братск;Братск;
Вихоревка;Вихоревка;
Гидростроитель;Гидростроитель;
Еланцы;Еланцы;
Железногорск-Илимский;Железногорск-Илимский;
Железнодорожный;Железнодорожный;
Жигалово;Жигалово;
Залари;Залари;
Зима;Зима;
Иркутск;Иркутск;
Качуг;Качуг;
Квиток;Квиток;
Киренск;Киренск;
Куйтун;Куйтун;
Култук;Култук;
Кутулик;Кутулик;
Лесогорск;Лесогорск;
Магистральный;Магистральный;
Мама;Мама;
Маркова;Маркова;
Мегет;Мегет;
Михайловка;Михайловка;
Мишелевка;Мишелевка;
Нижнеудинск;Нижнеудинск;
Новая Игирма;Новая Игирма;
Новобирюсинский;Новобирюсинский;
Новонукутский;Новонукутский;
Оек;Оек;
Октябрьский;Октябрьский;
Оса;Оса;
Рудногорск;Рудногорск;
Саянск;Саянск;
Свирск;Свирск;
Слюдянка;Слюдянка;
Средний;Средний;
Тайтурка;Тайтурка;
Тайшет;Тайшет;
Тельма;Тельма;
Тулун;Тулун;
Тыреть 1-я;Тыреть 1-я;
Улькан;Улькан;
Усолье-Сибирское;Усолье-Сибирское;
Усть-Илимск;Усть-Илимск;
Усть-Кут;Усть-Кут;
Усть-Ордынский;Усть-Ордынский;
Усть-Уда;Усть-Уда;
Хомутово;Хомутово;
Черемушки;Черемушки;
Черемхово;Черемхово;
Чунский;Чунский;
Тулюшка;Тулюшка;
Шелехов;Шелехов;
Юрты;Юрты;
Абан;Абан;
Артемовск;Артемовск;
Ачинск;Ачинск;
Байкит;Байкит;
Балахта;Балахта;
Березовка;Березовка;
Боготол;Боготол;
Богучаны;Богучаны;
Большая Ирба;Большая Ирба;
Большая Мурта;Большая Мурта;
Большой Улуй;Большой Улуй;
Бородино;Бородино;
Ванавара;Ванавара;
Дзержинское;Дзержинское;
Дивногорск;Дивногорск;
Диксон;Диксон;
Дубинино;Дубинино;
Дудинка;Дудинка;
Емельяново;Емельяново;
Енисейск;Енисейск;
Ермаковское;Ермаковское;
Железногорск;Железногорск;
Заозерный;Заозерный;
Зеленогорск;Зеленогорск;
Зыково;Зыково;
Игарка;Игарка;
Идринское;Идринское;
Иланский;Иланский;
Ирбейское;Ирбейское;
Казачинское;Казачинское;
Кайеркан;Кайеркан;
Канск;Канск;
Каратузское;Каратузское;
Кедровый;Кедровый;
Кодинск;Кодинск;
Козулька;Козулька;
Кошурниково;Кошурниково;
Краснотуранск;Краснотуранск;
Красноярск;Красноярск;
Курагино;Курагино;
Лесосибирск;Лесосибирск;
Минусинск;Минусинск;
Мотыгино;Мотыгино;
Назарово;Назарово;
Нижний Ингаш;Нижний Ингаш;
Нижняя Пойма;Нижняя Пойма;
Новобирилюссы;Новобирилюссы;
Новосёлово;Новосёлово;
Новочернореченский;Новочернореченский;
Норильск;Норильск;
Партизанское;Партизанское;
Саянский;Саянский;
Северо-Енисейский;Северо-Енисейский;
Сосновоборск;Сосновоборск;
Сухобузимское;Сухобузимское;
Таежный;Таежный;
Тасеево;Тасеево;
Снежногорск;Снежногорск;
Тура;Тура;
Туруханск;Туруханск;
Тюхтет;Тюхтет;
Ужур;Ужур;
Уяр;Уяр;
Хатанга;Хатанга;
Чунояр;Чунояр;
Шалинское;Шалинское;
Шарыпово;Шарыпово;
Шушенское;Шушенское;
Бабушкин;Бабушкин;
Багдарин;Багдарин;
Баргузин;Баргузин;
Баянгол;Баянгол;
Бичура;Бичура;
Выдрино;Выдрино;
Горхон;Горхон;
Гусиноозерск;Гусиноозерск;
Джида;Джида;
Заиграево;Заиграево;
Закаменск;Закаменск;
Иволгинск;Иволгинск;
Ильинка;Ильинка;
Илька;Илька;
Итанца;Итанца;
Кабанск;Кабанск;
Каменск;Каменск;
Кижинга;Кижинга;
Кичера;Кичера;
Кудара;Кудара;
Кудара-Сомон;Кудара-Сомон;
Курумкан;Курумкан;
Кырен;Кырен;
Кяхта;Кяхта;
Мухоршибирь;Мухоршибирь;
Наушки;Наушки;
Нижнеангарск;Нижнеангарск;
Нижний Торей;Нижний Торей;
Никольск;Никольск;
Новая Брянь;Новая Брянь;
Новоильинск;Новоильинск;
Новоселенгинск;Новоселенгинск;
Новый Уоян;Новый Уоян;
Онохой;Онохой;
Петропавловка;Петропавловка;
Подлопатки;Подлопатки;
Саган-Нур;Саган-Нур;
Северобайкальск;Северобайкальск;
Северомуйск;Северомуйск;
Селенгинск;Селенгинск;
Селендум;Селендум;
Сосново-Озерское;Сосново-Озерское;
Таксимо;Таксимо;
Таловка;Таловка;
Тарбагатай;Тарбагатай;
Тугнуй;Тугнуй;
Турунтаево;Турунтаево;
Улан-Удэ;Улан-Удэ;
Усть-Баргузин;Усть-Баргузин;
Хонхолой;Хонхолой;
Хоринск;Хоринск;
Цолга;Цолга;
Шарагол;Шарагол;
Шаралдай;Шаралдай;
Янчукан;Янчукан;
Айхал;Айхал;
Алдан;Алдан;
Верхоянск;Верхоянск;
Вилюйск;Вилюйск;
Жатай;Жатай;
Ленск;Ленск;
Майя;Майя;
Мирный );Мирный );
Намцы;Намцы;
Нерюнгри;Нерюнгри;
Нюрба;Нюрба;
Олекминск;Олекминск;
Покровск;Покровск;
Среднеколымск;Среднеколымск;
Сунтар;Сунтар;
Томмот;Томмот;
Удачный;Удачный;
Усть-Нера;Усть-Нера;
Чульман;Чульман;
Чурапча;Чурапча;
Якутск;Якутск;
Чернышевский );Чернышевский );
Ак-Довурак;Ак-Довурак;
Кызыл;Кызыл;
Туран;Туран;
Чадан;Чадан;
Шагонар;Шагонар;
Абаза;Абаза;
Абакан;Абакан;
Саяногорск;Саяногорск;
Сорск;Сорск;
Черногорск;Черногорск;
Шира;Шира;
Арбаж;Арбаж;
Афанасьево;Афанасьево;
Белая Холуница;Белая Холуница;
Богородское;Богородское;
Вахруши;Вахруши;
Верхошижемье;Верхошижемье;
Восточный;Восточный;
Вятские Поляны;Вятские Поляны;
Даровской;Даровской;
Демьяново;Демьяново;
Зуевка;Зуевка;
Кикнур;Кикнур;
Киров;Киров;
Кирово-Чепецк;Кирово-Чепецк;
Кирс;Кирс;
Котельнич;Котельнич;
Красная Поляна;Красная Поляна;
Кумены;Кумены;
Лальск;Лальск;
Лебяжье;Лебяжье;
Ленинское;Ленинское;
Лесной;Лесной;
Лойно;Лойно;
Луза;Луза;
Малмыж;Малмыж;
Мирный;Мирный;
Мураши;Мураши;
Мурыгино;Мурыгино;
Нагорск;Нагорск;
Нема;Нема;
Нолинск;Нолинск;
Омутнинск;Омутнинск;
Опарино;Опарино;
Оричи;Оричи;
Орлов;Орлов;
Песковка;Песковка;
Пижанка;Пижанка;
Подосиновец;Подосиновец;
Рудничный;Рудничный;
Санчурск;Санчурск;
Светлополянск;Светлополянск;
Свеча;Свеча;
Слободской;Слободской;
Советск;Советск;
Сосновка;Сосновка;
Стрижи;Стрижи;
Тужа;Тужа;
Уни;Уни;
Уржум;Уржум;
Фалёнки;Фалёнки;
Юрья;Юрья;
Яранск;Яранск;
Ардатов;Ардатов;
Арзамас;Арзамас;
Арья;Арья;
Афонино;Афонино;
Балахна;Балахна;
Богородск;Богородск;
Большое Болдино;Большое Болдино;
Большое Козино;Большое Козино;
Большое Мурашкино;Большое Мурашкино;
Бор;Бор;
Буревестник;Буревестник;
Бутурлино;Бутурлино;
Вад;Вад;
Варнавино;Варнавино;
Вахтан;Вахтан;
Вача;Вача;
Ветлуга;Ветлуга;
Виля;Виля;
Вознесенское;Вознесенское;
Володарск;Володарск;
Воротынец;Воротынец;
Ворсма;Ворсма;
Воскресенское;Воскресенское;
Выездное;Выездное;
Выкса;Выкса;
Гагино;Гагино;
Гидроторф;Гидроторф;
Горбатов;Горбатов;
Горбатовка;Горбатовка;
Городец;Городец;
Гремячево;Гремячево;
Дальнее Константиново;Дальнее Константиново;
Дзержинск;Дзержинск;
Дивеево;Дивеево;
Досчатое;Досчатое;
Дружба;Дружба;
Ждановский;Ждановский;
Заволжье;Заволжье;
Ильиногорск;Ильиногорск;
Княгинино;Княгинино;
Ковернино;Ковернино;
Красные Баки;Красные Баки;
Кстово;Кстово;
Кулебаки;Кулебаки;
Линда;Линда;
Лукино;Лукино;
Лукоянов;Лукоянов;
Лысково;Лысково;
Мулино;Мулино;
Мухтолово;Мухтолово;
Навашино;Навашино;
Нижний Новгород;Нижний Новгород, Нижний;
Новосмолинский;Новосмолинский;
Павлово;Павлово;
Первомайск;Первомайск;
Перевоз;Перевоз;
Пижма;Пижма;
Пильна;Пильна;
поселок Степана Разина;поселок Степана Разина;
посёлок Память Парижской Коммуны;посёлок Память Парижской Коммуны;
Починки;Починки;
Решетиха;Решетиха;
Саваслейка;Саваслейка;
Саров;Саров;
Сатис;Сатис;
Семенов;Семенов;
Сергач;Сергач;
Сеченово;Сеченово;
Сокольское;Сокольское;
Сосновское;Сосновское;
Спасское;Спасское;
Суроватиха;Суроватиха;
Сухобезводное;Сухобезводное;
Сява;Сява;
Тонкино;Тонкино;
Тоншаево;Тоншаево;
Тумботино;Тумботино;
Урень;Урень;
Федяково;Федяково;
Центральный;Центральный;
Чернуха;Чернуха;
Чкаловск;Чкаловск;
Шаранга;Шаранга;
Шатки;Шатки;
Шахунья;Шахунья;
Шиморское;Шиморское;
Юганец;Юганец;
Александро-Невский;Александро-Невский;
Алёшино;Алёшино;
Баграмово;Баграмово;
Грязное;Грязное;
Гусь-Железный;Гусь-Железный;
Денежниково;Денежниково;
Елатьма;Елатьма;
Ермишь;Ермишь;
Захарово;Захарово;
Ижевское;Ижевское;
Инякино;Инякино;
Искра;Искра;
Истье;Истье;
Кадом;Кадом;
Касимов;Касимов;
Кирицы;Кирицы;
Кораблино;Кораблино;
Криуша;Криуша;
Крутоярский;Крутоярский;
Кузьминское;Кузьминское;
Кустаревка;Кустаревка;
Лакаш;Лакаш;
Лесное Конобеево;Лесное Конобеево;
Льгово;Льгово;
Меньшие Можары;Меньшие Можары;
Милославское;Милославское;
Михайлов;Михайлов;
Мосолово;Мосолово;
Мурмино;Мурмино;
Новомичуринск;Новомичуринск;
Новый Киструс;Новый Киструс;
Павелец;Павелец;
Пителино;Пителино;
Подвязье;Подвязье;
Поляны;Поляны;
Придорожный;Придорожный;
Пронск;Пронск;
Путятино;Путятино;
Рыбное;Рыбное;
Ряжск;Ряжск;
Рязань;Рязань;
Сапожок;Сапожок;
Сараи;Сараи;
Сасово;Сасово;
Сасыкино;Сасыкино;
Скопин;Скопин;
Сотницыно;Сотницыно;
Спас-Клепики;Спас-Клепики;
Спасск-Рязанский;Спасск-Рязанский;
Старое Березово;Старое Березово;
Старожилово;Старожилово;
Троица;Троица;
Тума;Тума;
Ухолово;Ухолово;
Чернава;Чернава;
Чулково;Чулково;
Аргамаково;Аргамаково;
Чучково;Чучково;
Шацк;Шацк;
Шилово;Шилово;
Алейск;Алейск;
Алтайское;Алтайское;
Баево;Баево;
Барнаул;Барнаул;
Белокуриха;Белокуриха;
Белоярск;Белоярск;
Бийск;Бийск;
Благовещенка;Благовещенка;
Боровиха;Боровиха;
Бурла;Бурла;
Быстрый Исток;Быстрый Исток;
Верх-Катунское;Верх-Катунское;
Власиха;Власиха;
Волчиха;Волчиха;
Горняк;Горняк;
Ельцовка;Ельцовка;
Залесово;Залесово;
Заринск;Заринск;
Зелёная Дубрава;Зелёная Дубрава;
Змеиногорск;Змеиногорск;
Зональное;Зональное;
Зудилово;Зудилово;
Калманка;Калманка;
Камень-на-Оби;Камень-на-Оби;
Ключи;Ключи;
Косиха;Косиха;
Краснощёково;Краснощёково;
Крутиха;Крутиха;
Кулунда;Кулунда;
Курья;Курья;
Кытманово;Кытманово;
Леньки;Леньки;
Малиновое Озеро;Малиновое Озеро;
Мамонтово;Мамонтово;
Михайловское;Михайловское;
Налобиха;Налобиха;
Новичиха;Новичиха;
Новоалтайск;Новоалтайск;
Новоегорьевское;Новоегорьевское;
Новые Зори;Новые Зори;
Озерки;Озерки;
Павловск;Павловск;
Панкрушиха;Панкрушиха;
Первомайское;Первомайское;
Петропавловское;Петропавловское;
Поспелиха;Поспелиха;
Ребриха;Ребриха;
Родино;Родино;
Романово;Романово;
Рубцовск;Рубцовск;
Сибирский;Сибирский;
Славгород;Славгород;
Славгородское;Славгородское;
Смоленское;Смоленское;
Соколово;Соколово;
Солонешное;Солонешное;
Солтон;Солтон;
Сростки;Сростки;
Староалейское;Староалейское;
Степное Озеро;Степное Озеро;
Табуны;Табуны;
Тальменка;Тальменка;
Тогул;Тогул;
Топчиха;Топчиха;
Троицкое;Троицкое;
Тюменцево;Тюменцево;
Угловское;Угловское;
Усть-Калманка;Усть-Калманка;
Усть-Чарышская Пристань;Усть-Чарышская Пристань;
Хабары;Хабары;
Целинное;Целинное;
Чарышское;Чарышское;
Черемное;Черемное;
Шелаболиха;Шелаболиха;
Шипуново;Шипуново;
Южный;Южный;
Яровое;Яровое;
Анжеро-Судженск;Анжеро-Судженск;
Артышта;Артышта;
Бачатский;Бачатский;
Белово;Белово;
Белогорск;Белогорск;
Березовский;Березовский;
Верх-Чебула;Верх-Чебула;
Грамотеино;Грамотеино;
Гурьевск;Гурьевск;
Зеленогорский;Зеленогорский;
Ижморский;Ижморский;
Инской;Инской;
Итатский;Итатский;
Каз;Каз;
Калтан;Калтан;
Карагайлинский;Карагайлинский;
Кедровка;Кедровка;
Кемерово;Кемерово;
Киселевск;Киселевск;
Крапивинский;Крапивинский;
Краснобродский;Краснобродский;
Кузедеево;Кузедеево;
Ленинск-Кузнецкий;Ленинск-Кузнецкий;
Малиновка;Малиновка;
Мариинск;Мариинск;
Междуреченск;Междуреченск;
Мундыбаш;Мундыбаш;
Мыски;Мыски;
Новокузнецк;Новокузнецк;
Новый Городок;Новый Городок;
Осинники;Осинники;
Плотниково;Плотниково;
Полысаево;Полысаево;
Прокопьевск;Прокопьевск;
Промышленная;Промышленная;
Салаир;Салаир;
Солнечный;Солнечный;
Старобачаты;Старобачаты;
Старопестерево;Старопестерево;
Тайга;Тайга;
Тайжина;Тайжина;
Таштагол;Таштагол;
Темиртау;Темиртау;
Тисуль;Тисуль;
Топки;Топки;
Трудармейский;Трудармейский;
Тяжинский;Тяжинский;
Чистогорский;Чистогорский;
Шерегеш;Шерегеш;
Юрга;Юрга;
Ясногорский;Ясногорский;
Яшкино;Яшкино;
Яя;Яя;
Баган;Баган;
Барабинск;Барабинск;
Бердск;Бердск;
Болотное;Болотное;
Венгерово;Венгерово;
Верх-Ирмень;Верх-Ирмень;
Верх-Тула;Верх-Тула;
Довольное;Довольное;
Дорогино;Дорогино;
Здвинск;Здвинск;
Искитим;Искитим;
Карасук;Карасук;
Каргат;Каргат;
Кирза;Кирза;
Колывань;Колывань;
Кольцово;Кольцово;
Коченево;Коченево;
Кочки;Кочки;
Краснозерское;Краснозерское;
Краснозёрское;Краснозёрское;
Краснообск;Краснообск;
Криводановка;Криводановка;
Кудряшовский;Кудряшовский;
Куйбышев;Куйбышев;
Купино;Купино;
Кыштовка;Кыштовка;
Линево;Линево;
Листвянский;Листвянский;
Маслянино;Маслянино;
Мошково;Мошково;
Новолуговое;Новолуговое;
Новосибирск;Новосибирск, Новосиб, Сиб;
Обь;Обь;
Ордынское;Ордынское;
Посевная;Посевная;
Северное;Северное;
Сокур;Сокур;
Сузун;Сузун;
Татарск;Татарск;
Ташара;Ташара;
Тогучин;Тогучин;
Толмачево;Толмачево;
Усть-Тарка;Усть-Тарка;
Чаны;Чаны;
Черепаново;Черепаново;
Чик;Чик;
Чистоозерное;Чистоозерное;
Чулым;Чулым;
Чумаково;Чумаково;
Ярково;Ярково;
Раздольное;Раздольное;
Азово;Азово;
Большегривское;Большегривское;
Большеречье;Большеречье;
Большие Уки;Большие Уки;
Горьковское;Горьковское;
Знаменское;Знаменское;
Исилькуль;Исилькуль;
Калачинск;Калачинск;
Колосовка;Колосовка;
Кормиловка;Кормиловка;
Красноярка;Красноярка;
Красный Яр;Красный Яр;
Крутинка;Крутинка;
Лузино;Лузино;
Любинский;Любинский;
Марьяновка;Марьяновка;
Москаленки;Москаленки;
Муромцево;Муромцево;
Называевск;Называевск;
Нижняя Омка;Нижняя Омка;
Нововаршавка;Нововаршавка;
Новоомский;Новоомский;
Новотроицкое;Новотроицкое;
Одесское;Одесское;
Оконешниково;Оконешниково;
Омск;Омск;
Павлоградка;Павлоградка;
Полтавка;Полтавка;
Ростовка;Ростовка;
Русская Поляна;Русская Поляна;
Саргатское;Саргатское;
Седельниково;Седельниково;
Таврическое;Таврическое;
Тара;Тара;
Тевриз;Тевриз;
Тюкалинск;Тюкалинск;
Усть-Ишим;Усть-Ишим;
Черлак;Черлак;
Шербакуль;Шербакуль;
Горно-Алтайск;Горно-Алтайск;
Кош-Агач;Кош-Агач;
Майма;Майма;
Онгудай;Онгудай;
Турочак;Турочак;
Улаган;Улаган;
Усть-Кан;Усть-Кан;
Усть-Кокса;Усть-Кокса;
Чемал;Чемал;
Чоя;Чоя;
Шебалино;Шебалино;
Александровское;Александровское;
Асино;Асино;
Бакчар;Бакчар;
Белый Яр;Белый Яр;
Богашёво;Богашёво;
Зональная Станция;Зональная Станция;
Зоркальцево;Зоркальцево;
Зырянское;Зырянское;
Каргала;Каргала;
Каргасок;Каргасок;
Кисловка;Кисловка;
Кожевниково;Кожевниково;
Колпашево;Колпашево;
Копылово;Копылово;
Кривошеино;Кривошеино;
Курлек;Курлек;
Мельниково;Мельниково;
Могочино;Могочино;
Молчаново;Молчаново;
Моряковский Затон;Моряковский Затон;
Новый Васюган;Новый Васюган;
Парабель;Парабель;
Парбиг;Парбиг;
Подгорное;Подгорное;
Рыбалово;Рыбалово;
Самусь;Самусь;
Светлый;Светлый;
Северск;Северск;
Средний Васюган;Средний Васюган;
Стрежевой;Стрежевой;
Тегульдет;Тегульдет;
Тогур;Тогур;
Томск;Томск;
Чажемто;Чажемто;
Ашукино;Ашукино;
Белоозёрский;Белоозёрский;
Быково;Быково;
Дорохово;Дорохово;
Звёздный Городок;Звёздный Городок;
Знамя Октября;Знамя Октября;
Ильинское;Ильинское;
Коммунарка;Коммунарка;
Крекшино;Крекшино;
Лотошино;Лотошино;
Авсюнино;Авсюнино;
Большие Дворы;Большие Дворы;
Большое Буньково;Большое Буньково;
Горки-10;Горки-10;
Давыдово;Давыдово;
Демихово;Демихово;
Дзержинский;Дзержинский;
Дмитровский Погост;Дмитровский Погост;
Дрезна;Дрезна;
Жуковский;Жуковский;
Красково;Красково;
Красноармейск;Красноармейск;
Кривандино;Кривандино;
Куровское;Куровское;
Ликино-Дулево;Ликино-Дулево;
Лосино-Петровский;Лосино-Петровский;
Луховицы;Луховицы;
Лыткарино;Лыткарино;
Малаховка;Малаховка;
Михали;Михали;
Мишеронский;Мишеронский;
Монино;Монино;
Ногинск;Ногинск;
Обухово;Обухово;
Орехово-Зуево;Орехово-Зуево;
Островцы;Островцы;
Павловский Посад;Павловский Посад;
Поповская;Поповская;
Пышлицы;Пышлицы;
Радовицкий;Радовицкий;
Раменки;Раменки;
Рошаль;Рошаль;
Старая Купавна;Старая Купавна;
Фрязино;Фрязино;
Черноголовка;Черноголовка;
Черусти;Черусти;
Чёрное;Чёрное;
Шатура;Шатура;
Шатурторф;Шатурторф;
Шувое;Шувое;
Электрогорск;Электрогорск;
Электросталь;Электросталь;
Электроугли;Электроугли;
Юрцово;Юрцово;
Алабино;Алабино;
Баковка;Баковка;
Барвиха;Барвиха;
Большое Сареево;Большое Сареево;
Волоколамск;Волоколамск;
Воронки;Воронки;
Глухово;Глухово;
Горки-2;Горки-2;
Дедовск;Дедовск;
Дмитровское;Дмитровское;
ДСК Мичуринец;ДСК Мичуринец;
Жаворонки;Жаворонки;
Звенигород;Звенигород;
Ивановское;Ивановское;
Истра;Истра;
Калчуга;Калчуга;
Киевский;Киевский;
Краснознаменск;Краснознаменск;
Кубинка;Кубинка;
Куркино;Куркино;
Лайково;Лайково;
Лапино;Лапино;
Лесной Городок;Лесной Городок;
Малые Вязёмы;Малые Вязёмы;
Мамоново;Мамоново;
Мечниково;Мечниково;
Можайск;Можайск;
Нахабино;Нахабино;
Немчиновка;Немчиновка;
Нииссок;Нииссок;
Новоивановское;Новоивановское;
Ново-Переделкино;Ново-Переделкино;
Новый;Новый;
Павловская Слобода;Павловская Слобода;
Переделкино;Переделкино;
Рублево;Рублево;
Руза;Руза;
Солнцево;Солнцево;
Тучково;Тучково;
Часцы;Часцы;
посёлок Биокомбината;посёлок Биокомбината;
Вербилки;Вербилки;
Высоковск;Высоковск;
Дмитров;Дмитров;
Долгопрудный;Долгопрудный;
Дубна;Дубна;
Жуковка;Жуковка;
Запрудня;Запрудня;
Зверосовхоз;Зверосовхоз;
Ивантеевка;Ивантеевка;
Клин;Клин;
Королев;Королев;
Краснозаводск;Краснозаводск;
Лесные Поляны;Лесные Поляны;
Медвежьи Озёра;Медвежьи Озёра;
Пересвет;Пересвет;
Подушкино;Подушкино;
Правдинский;Правдинский;
Пушкино;Пушкино;
Сергиев Посад;Сергиев Посад;
Солнечногорск;Солнечногорск;
Софрино;Софрино;
Талдом;Талдом;
Химки;Химки;
Хотьково;Хотьково;
Черкизово;Черкизово;
Юбилейный;Юбилейный;
Яхрома;Яхрома;
Путилково;Путилково;
Апрелевка;Апрелевка;
Белоомут;Белоомут;
Бронницы;Бронницы;
Верея;Верея;
Видное;Видное;
посёлок Володарского;посёлок Володарского;
Воскресенск;Воскресенск;
Домодедово;Домодедово;
Егорьевск;Егорьевск;
Зарайск;Зарайск;
Ильинский;Ильинский;
Кашира;Кашира;
Климовск;Климовск;
Кокошкино;Кокошкино;
Коломна;Коломна;
Комунарка;Комунарка;
Михнево;Михнево;
Наро-Фоминск;Наро-Фоминск;
Оболенск;Оболенск;
Ожерелье;Ожерелье;
Озеры;Озеры;
Подольск;Подольск;
Протвино;Протвино;
Пущино;Пущино;
Развилка;Развилка;
Раменское;Раменское;
Серпухов;Серпухов;
Ступино;Ступино;
Удельная;Удельная;
Чехов;Чехов;
Щербинка;Щербинка;
Электроизолятор;Электроизолятор;
Некрасовский;Некрасовский;
Речицы;Речицы;
Рогачево;Рогачево;
Родники;Родники;
Селятино;Селятино;
Серебряные Пруды;Серебряные Пруды;
Софьино;Софьино;
Томилино;Томилино;
Шаховская;Шаховская;
Шишкин Лес;Шишкин Лес;
Малино;Малино;
Архара;Архара;
Благовещенск;Благовещенск;
Возжаевка;Возжаевка;
Екатеринославка;Екатеринославка;
Ерофей Павлович;Ерофей Павлович;
Завитинск;Завитинск;
Зея;Зея;
Ивановка;Ивановка;
Константиновка;Константиновка;
Магдагачи;Магдагачи;
Новобурейский;Новобурейский;
Поярково;Поярково;
Прогресс;Прогресс;
Райчихинск;Райчихинск;
Свободный;Свободный;
Серышево;Серышево;
Сковородино;Сковородино;
Талакан;Талакан;
Тамбовка;Тамбовка;
Тында;Тында;
Февральск;Февральск;
Циолковский;Циолковский;
Чигири;Чигири;
Шимановск;Шимановск;
Бурея;Бурея;
Амурзет;Амурзет;
Бабстово;Бабстово;
Биробиджан;Биробиджан;
Николаевка;Николаевка;
Облучье;Облучье;
Приамурский;Приамурский;
Птичник;Птичник;
Смидович;Смидович;
Теплоозёрск;Теплоозёрск;
Биракан;Биракан;
Вилючинск;Вилючинск;
Вулканный;Вулканный;
Елизово;Елизово;
Козыревск;Козыревск;
Коряки;Коряки;
Мильково;Мильково;
Озерновский;Озерновский;
Оссора;Оссора;
Палана;Палана;
Паратунка;Паратунка;
Петропавловск-Камчатский;Петропавловск-Камчатский;
Пионерский;Пионерский;
Раздольный;Раздольный;
Соболево;Соболево;
Термальный;Термальный;
Тигиль;Тигиль;
Тиличики;Тиличики;
Усть-Большерецк;Усть-Большерецк;
Усть-Камчатск;Усть-Камчатск;
Эссо;Эссо;
Нагорный;Нагорный;
Дукат;Дукат;
Магадан;Магадан;
Мяунджа;Мяунджа;
Ола;Ола;
Омсукчан;Омсукчан;
Палатка;Палатка;
Сеймчан;Сеймчан;
Синегорье;Синегорье;
Сокол;Сокол;
Стекольный;Стекольный;
Сусуман;Сусуман;
Уптар;Уптар;
Усть-Омчуг;Усть-Омчуг;
Эвенск;Эвенск;
Ягодное;Ягодное;
Оротукан;Оротукан;
Арсеньев;Арсеньев;
Артем;Артем;
Большой Камень;Большой Камень;
Владивосток;Владивосток;
Дальнегорск;Дальнегорск;
Дальнереченск;Дальнереченск;
Кавалерово;Кавалерово;
Камень-Рыболов;Камень-Рыболов;
Лесозаводск;Лесозаводск;
Лучегорск;Лучегорск;
Находка;Находка;
Партизанск;Партизанск;
Пластун;Пластун;
Пограничный;Пограничный;
Покровка;Покровка;
Сибирцево;Сибирцево;
Славянка;Славянка;
Спасск-Дальний;Спасск-Дальний;
Трудовое;Трудовое;
Уссурийск;Уссурийск;
Фокино;Фокино;
Хороль;Хороль;
Черниговка;Черниговка;
Чугуевка;Чугуевка;
Александровск-Сахалинский;Александровск-Сахалинский;
Анива;Анива;
Быков;Быков;
Горнозаводск;Горнозаводск;
Долинск;Долинск;
Корсаков;Корсаков;
Курильск;Курильск;
Макаров;Макаров;
Невельск;Невельск;
Ноглики;Ноглики;
Оха;Оха;
Поронайск;Поронайск;
Северо-Курильск;Северо-Курильск;
Смирных;Смирных;
Томари;Томари;
Тымовское;Тымовское;
Углегорск;Углегорск;
Холмск;Холмск;
Шахтерск;Шахтерск;
Южно-Курильск;Южно-Курильск;
Южно-Сахалинск;Южно-Сахалинск;
Амурск;Амурск;
Берёзовый;Берёзовый;
Бикин;Бикин;
Большой Уссурийский;Большой Уссурийский;
Ванино;Ванино;
Вяземский;Вяземский;
Заветы Ильича;Заветы Ильича;
Князе-Волконское;Князе-Волконское;
Комсомольск-на-Амуре;Комсомольск-на-Амуре;
Корфовский;Корфовский;
Некрасовка;Некрасовка;
Николаевск-на-Амуре;Николаевск-на-Амуре;
Новокуровка;Новокуровка;
Новый Ургал;Новый Ургал;
Переяславка;Переяславка;
Советская Гавань;Советская Гавань;
Хабаровск;Хабаровск;
Хор;Хор;
Хурба;Хурба;
Чегдомын;Чегдомын;
Чёрная Речка;Чёрная Речка;
Эльбан;Эльбан;
Охотск;Охотск;
Анадырь;Анадырь;
Билибино;Билибино;
Лаврентия;Лаврентия;
Мыс Шмидта;Мыс Шмидта;
Певек;Певек;
Провидения;Провидения;
Угольные Копи;Угольные Копи;
Эгвекинот;Эгвекинот;
Лорино;Лорино;
Архангельск;Архангельск, Архара;
Белушья Губа;Белушья Губа;
Березник;Березник;
Вельск;Вельск;
Вычегодский;Вычегодский;
Двинской;Двинской;
Емца;Емца;
Ильинско-Подомское;Ильинско-Подомское;
Каменка;Каменка;
Каргополь;Каргополь;
Коноша;Коноша;
Коряжма;Коряжма;
Котлас;Котлас;
Красноборск;Красноборск;
Кулой;Кулой;
Малошуйка;Малошуйка;
Мезень;Мезень;
Новодвинск;Новодвинск;
Няндома;Няндома;
Обозерский;Обозерский;
Оксовский;Оксовский;
Онега;Онега;
Плесецк;Плесецк;
Приводино;Приводино;
Пуксоозера;Пуксоозера;
Савинский;Савинский;
Самодед;Самодед;
Северодвинск;Северодвинск, Севск;
Североонежск;Североонежск;
Сольвычегодск;Сольвычегодск;
Урдома;Урдома;
Холмогоры;Холмогоры;
Шенкурск;Шенкурск;
Шипицыно;Шипицыно;
Яренск;Яренск;
Лешуконское;Лешуконское;
Багратионовск;Багратионовск;
Балтийск;Балтийск;
Гвардейск;Гвардейск;
Гусев;Гусев;
Зеленоградск;Зеленоградск;
Калининград;Калининград, Калик, Кениг;
Ладушкин;Ладушкин;
Неман;Неман;
Нестеров;Нестеров;
Озерск;Озерск;
Полесск;Полесск;
Правдинск;Правдинск;
Приморск;Приморск;
Светлогорск;Светлогорск;
Славск;Славск;
Черняховск;Черняховск;
Агалатово;Агалатово;
Аннино;Аннино;
Бегуницы;Бегуницы;
Бокситогорск;Бокситогорск;
Большая Вруда;Большая Вруда;
Большая Ижора;Большая Ижора;
Большие Колпаны;Большие Колпаны;
Бугры;Бугры;
Будогощь;Будогощь;
Важины;Важины;
Виллози;Виллози;
Винницы;Винницы;
Вознесенье;Вознесенье;
Войскорово;Войскорово;
Волосово;Волосово;
Волхов;Волхов;
Всеволожск;Всеволожск;
Выборг;Выборг;
Вырица;Вырица;
Высоцк;Высоцк;
Гатчина;Гатчина;
Глажево;Глажево;
Горбунки;Горбунки;
Гостилицы;Гостилицы;
Дружная Горка;Дружная Горка;
Дубровка;Дубровка;
Елизаветино;Елизаветино;
Ефимовский;Ефимовский;
Заклинье;Заклинье;
Ивангород;Ивангород;
Каменногорск;Каменногорск;
Кингисепп;Кингисепп;
Кипень;Кипень;
Кириши;Кириши;
Кировск;Кировск;
Кобралово;Кобралово;
Колпино;Колпино;
Колтуши;Колтуши;
Колчаново;Колчаново;
Коммунар;Коммунар;
Котельский;Котельский;
Красное Село;Красное Село;
Красный Бор;Красный Бор;
Кронштадт;Кронштадт;
Кудрово;Кудрово;
Кузнечное;Кузнечное;
Кузьмоловский;Кузьмоловский;
Лаголово;Лаголово;
Лесколово;Лесколово;
Лесогорский;Лесогорский;
Лодейное Поле;Лодейное Поле;
Ломоносов;Ломоносов;
Луга;Луга;
Любань;Любань;
Малое Верево;Малое Верево;
Малое Карлино;Малое Карлино;
Мга;Мга;
Репино;Репино;
Металлострой;Металлострой;
Мурино;Мурино;
Назия;Назия;
Низино;Низино;
Никольский;Никольский;
Никольское;Никольское;
Новая Ладога;Новая Ладога;
Новое Девяткино;Новое Девяткино;
Новоселье;Новоселье;
Новый Свет;Новый Свет;
Новый Учхоз;Новый Учхоз;
Нурма;Нурма;
Оредеж;Оредеж;
Оржицы;Оржицы;
Отрадное;Отрадное;
Парголово;Парголово;
Паша;Паша;
пгт имени Свердлова;пгт имени Свердлова;
Петергоф;Петергоф;
Пикалево;Пикалево;
Подпорожье;Подпорожье;
посёлок имени Морозова;посёлок имени Морозова;
Приладожский;Приладожский;
Приозерск;Приозерск;
Пудомяги;Пудомяги;
Пушкин;Пушкин;
Разметелево;Разметелево;
Рахья;Рахья;
Романовка;Романовка;
Ромашкинское сельское поселение;Ромашкинское сельское поселение;
Рощино;Рощино;
Русско-Высоцкое;Русско-Высоцкое;
Рябово;Рябово;
Светогорск;Светогорск;
Селезнёво;Селезнёво;
Сельцо;Сельцо;
Семрино;Семрино;
Сертолово;Сертолово;
Сестрорецк;Сестрорецк;
Сиверский;Сиверский;
Синявино;Синявино;
Сланцы;Сланцы;
Сосново;Сосново;
Сосновый Бор;Сосновый Бор;
Старая Ладога;Старая Ладога;
Старая;Старая;
Стрельна;Стрельна;
Сусанино;Сусанино;
Суходолье;Суходолье;
Сясьстрой;Сясьстрой;
Тайцы;Тайцы;
Тельмана;Тельмана;
Тихвин;Тихвин;
Токсово;Токсово;
Толмачёво;Толмачёво;
Тосно;Тосно;
Ульяновка;Ульяновка;
Усть-Луга;Усть-Луга;
Форносово;Форносово;
Шлиссельбург;Шлиссельбург;
Шушары;Шушары;
Ям-Ижора;Ям-Ижора;
Янино-1;Янино-1;
Апатиты;Апатиты;
Африканда;Африканда;
Белое Море;Белое Море;
Варзуга;Варзуга;
Верхнетуломский;Верхнетуломский;
Видяево;Видяево;
Гаджиево;Гаджиево;
Ёнский;Ёнский;
Заозерск;Заозерск;
Заполярный;Заполярный;
Зашеек;Зашеек;
Зеленоборский;Зеленоборский;
Кандалакша;Кандалакша;
Кильдинстрой;Кильдинстрой;
Коашва;Коашва;
Ковдор;Ковдор;
Кола;Кола;
Корзуново;Корзуново;
Лейпи;Лейпи;
Лиинахамари;Лиинахамари;
Ловозеро;Ловозеро;
Луостари;Луостари;
Междуречье;Междуречье;
Мишуково;Мишуково;
Молочный;Молочный;
Мончегорск;Мончегорск;
Мурманск;Мурманск;
Мурмаши;Мурмаши;
Никель;Никель;
Оленегорск;Оленегорск;
Островной;Островной;
Печенга;Печенга;
Полярные Зори;Полярные Зори;
Полярный;Полярный;
Пояконда;Пояконда;
Пушной;Пушной;
Раякоски;Раякоски;
Ревда;Ревда;
Сафоново;Сафоново;
Североморск;Североморск;
Териберка;Териберка;
Титан;Титан;
Тулома;Тулома;
Туманный;Туманный;
Умба;Умба;
Ура-Губа;Ура-Губа;
Шонгуй;Шонгуй;
Щукозеро;Щукозеро;
Высокий;Высокий;
Амдерма;Амдерма;
Бугрино;Бугрино;
Вангурей;Вангурей;
Варандей;Варандей;
Индига;Индига;
Каратайка;Каратайка;
Нарыга;Нарыга;
Нарьян-Мар;Нарьян-Мар;
Носовая;Носовая;
Ома;Ома;
Поселок Искателей;Поселок Искателей;
Усть-Кара;Усть-Кара;
Хорей-Вер;Хорей-Вер;
Несь;Несь;
Боровичи;Боровичи;
Валдай;Валдай;
Великий Новгород;Великий Новгород, Новгород;
Волот;Волот;
Демянск;Демянск;
Крестцы;Крестцы;
Кулотино;Кулотино;
Любытино;Любытино;
Малая Вишера;Малая Вишера;
Марёво;Марёво;
Мошенское;Мошенское;
Неболчи;Неболчи;
Окуловка;Окуловка;
Панковка;Панковка;
Парфино;Парфино;
Пестово;Пестово;
Поддорье;Поддорье;
Пролетарий;Пролетарий;
Сольцы;Сольцы;
Старая Русса;Старая Русса;
Угловка;Угловка;
Хвойная;Хвойная;
Холм;Холм;
Чудово;Чудово;
Шимск;Шимск;
Батецкий;Батецкий;
Бежаницы;Бежаницы;
Великие Луки;Великие Луки;
Гдов;Гдов;
Дедовичи;Дедовичи;
Дно;Дно;
Заплюсье;Заплюсье;
Идрица;Идрица;
Красногородск;Красногородск;
Красный Луч;Красный Луч;
Кунья;Кунья;
Локня;Локня;
Невель;Невель;
Новоржев;Новоржев;
Новосокольники;Новосокольники;
Опочка;Опочка;
Остров;Остров;
Палкино;Палкино;
Печоры;Печоры;
Плюсса;Плюсса;
Порхов;Порхов;
Псков;Псков;
Пустошка;Пустошка;
Пушкинские Горы;Пушкинские Горы;
Пыталово;Пыталово;
Себеж;Себеж;
Струги Красные;Струги Красные;
Усвяты;Усвяты;
Беломорск;Беломорск;
Калевала;Калевала;
Кемь;Кемь;
Кондопога;Кондопога;
Костомукша;Костомукша;
Лахденпохья;Лахденпохья;
Лоухи;Лоухи;
Медвежьегорск;Медвежьегорск;
Муезерский;Муезерский;
Надвоицы;Надвоицы;
Олонец;Олонец;
Петрозаводск;Петрозаводск;
Питкяранта;Питкяранта;
Пряжа;Пряжа;
Пудож;Пудож;
Сегежа;Сегежа;
Сортавала;Сортавала;
Суоярви;Суоярви;
Благоево;Благоево;
Визинга;Визинга;
Войвож;Войвож;
Воркута;Воркута;
Вуктыл;Вуктыл;
Выльгорт;Выльгорт;
Емва;Емва;
Жешарт;Жешарт;
Ижма;Ижма;
Инта;Инта;
Кожва;Кожва;
Корткерос;Корткерос;
Микунь;Микунь;
Нижний Одес;Нижний Одес;
Печора;Печора;
Путеец;Путеец;
Синдор;Синдор;
Сосногорск;Сосногорск;
Сыктывкар;Сыктывкар;
Троицко-Печорск;Троицко-Печорск;
Усинск;Усинск;
Усогорск;Усогорск;
Ухта;Ухта;
Усть-Кулом;Усть-Кулом;
Велиж;Велиж;
Верхнеднепровский;Верхнеднепровский;
Вязьма;Вязьма;
Гагарин;Гагарин;
Голынки;Голынки;
Городок;Городок;
Гусино;Гусино;
Демидов;Демидов;
Десногорск;Десногорск;
Дорогобуж;Дорогобуж;
Духовщина;Духовщина;
Ельня;Ельня;
Ершичи;Ершичи;
Кардымово;Кардымово;
Красный;Красный;
Монастырщина;Монастырщина;
Новодугино;Новодугино;
Озерный;Озерный;
Печерск;Печерск;
Починок;Починок;
Рославль;Рославль;
Рудня;Рудня;
Смоленск;Смоленск;
Стодолище;Стодолище;
Сычевка;Сычевка;
Угра;Угра;
Хиславичи;Хиславичи;
Холм-Жирковский;Холм-Жирковский;
Шаталово;Шаталово;
Шумячи;Шумячи;
Ярцево;Ярцево;
Александров;Александров;
Балакирево;Балакирево;
Владимир;Владимир;
Вольгинский;Вольгинский;
Вязники;Вязники;
Гороховец;Гороховец;
Гусь-Хрустальный;Гусь-Хрустальный;
Камешково;Камешково;
Карабаново;Карабаново;
Киржач;Киржач;
Ковров;Ковров;
Кольчугино;Кольчугино;
Костерево;Костерево;
Красная Горбатка;Красная Горбатка;
Красный Октябрь;Красный Октябрь;
Курлово;Курлово;
Лакинск;Лакинск;
Меленки;Меленки;
Муром;Муром;
Петушки;Петушки;
Покров;Покров;
Радужный;Радужный;
Собинка;Собинка;
Ставрово;Ставрово;
Струнино;Струнино;
Судогда;Судогда;
Суздаль;Суздаль;
Юрьев-Польский;Юрьев-Польский;
Анненский Мост;Анненский Мост;
Бабаево;Бабаево;
Белозерск;Белозерск;
Великий Устюг;Великий Устюг;
Верховажье;Верховажье;
Вожега;Вожега;
Вологда;Вологда;
Вохтога;Вохтога;
Вытегра;Вытегра;
Грязовец;Грязовец;
Депо;Депо;
Кадников;Кадников;
Кадниковский;Кадниковский;
Кадуй;Кадуй;
Кириллов;Кириллов;
Климовское;Климовское;
Красавино;Красавино;
Кубенское;Кубенское;
Липин Бор;Липин Бор;
Малечкино;Малечкино;
Молочное;Молочное;
Новатор;Новатор;
Нюксеница;Нюксеница;
Сямжа;Сямжа;
Тарногский Городок;Тарногский Городок;
Тоншалово;Тоншалово;
Тотьма;Тотьма;
Устюжна;Устюжна;
Федотово;Федотово;
Харовск;Харовск;
Чагода;Чагода;
Череповец;Череповец, Черепок;
Шексна;Шексна;
Шуйское;Шуйское;
Кичменгский Городок;Кичменгский Городок;
Вичуга;Вичуга;
Выползово;Выползово;
Гаврилов Посад;Гаврилов Посад;
Жарковский;Жарковский;
Заволжск;Заволжск;
Иваново;Иваново;
Ильинское-Хованское;Ильинское-Хованское;
Калашниково;Калашниково;
Кинешма;Кинешма;
Комсомольск;Комсомольск;
Кохма;Кохма;
Лежнево;Лежнево;
Лесное;Лесное;
Медное;Медное;
Наволоки;Наволоки;
Оленино;Оленино;
Пено;Пено;
Пестяки;Пестяки;
Плес;Плес;
Приволжск;Приволжск;
Пучеж;Пучеж;
Редкино;Редкино;
Савино;Савино;
Селижарово;Селижарово;
Спирово;Спирово;
Тейково;Тейково;
Фурманов;Фурманов;
Шуя;Шуя;
Южа;Южа;
Юрьевец;Юрьевец;
Лух;Лух;
Антропово;Антропово;
Боговарово;Боговарово;
Буй;Буй;
Ветлужский;Ветлужский;
Волгореченск;Волгореченск;
Вохма;Вохма;
Галич;Галич;
Кадый;Кадый;
Караваево;Караваево;
Кологрив;Кологрив;
Кострома;Кострома;
Красное-на-Волге;Красное-на-Волге;
Макарьев;Макарьев;
Мантурово;Мантурово;
Нерехта;Нерехта;
Нея;Нея;
Островское;Островское;
Павино;Павино;
Парфеньево;Парфеньево;
Поназырево;Поназырево;
Пыщуг;Пыщуг;
Солигалич;Солигалич;
Судиславль;Судиславль;
Чистые Боры;Чистые Боры;
Чухлома;Чухлома;
Шарья;Шарья;
Андреаполь;Андреаполь;
Бежецк;Бежецк;
Белый;Белый;
Бологое;Бологое;
Весьегонск;Весьегонск;
Вышний Волочек;Вышний Волочек;
Западная Двина;Западная Двина;
Зубцов;Зубцов;
Калязин;Калязин;
Кашин;Кашин;
Кимры;Кимры;
Конаково;Конаково;
Красный Холм;Красный Холм;
Кувшиново;Кувшиново;
Лихославль;Лихославль;
Максатиха;Максатиха;
Нелидово;Нелидово;
Осташков;Осташков;
Рамешки;Рамешки;
Ржев;Ржев;
Сонково;Сонково;
Старица;Старица;
Тверь;Тверь;
Торжок;Торжок;
Торопец;Торопец;
Удомля;Удомля;
Новозавидовский;Новозавидовский;
Большое Село;Большое Село;
Борисоглебский;Борисоглебский;
Брейтово;Брейтово;
Гаврилов-Ям;Гаврилов-Ям;
Данилов;Данилов;
Константиновский;Константиновский;
Любим;Любим;
Мышкин;Мышкин;
Некрасовское;Некрасовское;
Новый Некоуз;Новый Некоуз;
Переславль-Залесский;Переславль-Залесский;
Петровское;Петровское;
Пошехонье;Пошехонье;
Пречистое;Пречистое;
Ростов;Ростов;
Рыбинск;Рыбинск;
Семибратово;Семибратово;
Тутаев;Тутаев;
Углич;Углич;
Щедрино;Щедрино;
Ярославль;Ярославль, Ярик;
Абдулино;Абдулино;
Адамовка;Адамовка;
Акбулак;Акбулак;
Александровка;Александровка;
Беляевка;Беляевка;
Бугуруслан;Бугуруслан;
Бузулук;Бузулук;
Гай;Гай;
Грачевка;Грачевка;
Домбаровский;Домбаровский;
Илек;Илек;
Кваркено;Кваркено;
Колтубановский;Колтубановский;
Красногвардеец;Красногвардеец;
Краснохолм;Краснохолм;
Красноярский;Красноярский;
Кувандык;Кувандык;
Курманаевка;Курманаевка;
Матвеевка;Матвеевка;
Медногорск;Медногорск;
Нежинка;Нежинка;
Новоорск;Новоорск;
Новосергиевка;Новосергиевка;
Новотроицк;Новотроицк;
Октябрьское;Октябрьское;
Оренбург;Оренбург;
Орск;Орск;
Переволоцкий;Переволоцкий;
Плешаново;Плешаново;
Подгородняя Покровка;Подгородняя Покровка;
Пономарёвка;Пономарёвка;
Пригородный;Пригородный;
Сакмара;Сакмара;
Саракташ;Саракташ;
Соль-Илецк;Соль-Илецк;
Сорочинск;Сорочинск;
Татарская Каргала;Татарская Каргала;
Ташла;Ташла;
Тоцкое;Тоцкое;
Тоцкое Второе;Тоцкое Второе;
Тюльган;Тюльган;
Чебеньки;Чебеньки;
Шарлык;Шарлык;
Энергетик;Энергетик;
Ясный;Ясный;
Беково;Беково;
Белинский;Белинский;
Городище;Городище;
Заречный;Заречный;
Кузнецк;Кузнецк;
Неверкино;Неверкино;
Нижний Ломов;Нижний Ломов;
Пенза;Пенза;
Русский Камешкир;Русский Камешкир;
Сердобск;Сердобск;
Спасск;Спасск;
Средняя Елюзань;Средняя Елюзань;
Сурск;Сурск;
Тамала;Тамала;
Атемар;Атемар;
Атюрьево;Атюрьево;
Атяшево;Атяшево;
Зубова-Поляна;Зубова-Поляна;
Инсар;Инсар;
Кадошкино;Кадошкино;
Ковылкино;Ковылкино;
Краснослободск;Краснослободск;
Потьма;Потьма;
Ромоданово;Ромоданово;
Рузаевка;Рузаевка;
Саранск;Саранск;
Темников;Темников;
Теньгушево;Теньгушево;
Торбеево;Торбеево;
Явас;Явас;
Комсомольский;Комсомольский;
Алексеевка;Алексеевка;
Безенчук;Безенчук;
Богатое;Богатое;
Большая Глушица;Большая Глушица;
Большая Черниговка;Большая Черниговка;
Борское;Борское;
Волжский;Волжский;
Жигулевск;Жигулевск;
Исаклы;Исаклы;
Камышла;Камышла;
Кинель;Кинель;
Кинель-Черкассы;Кинель-Черкассы;
Клявлино;Клявлино;
Кошки;Кошки;
Луначарский;Луначарский;
Нефтегорск;Нефтегорск;
Новокуйбышевск;Новокуйбышевск;
Октябрьск;Октябрьск;
Отрадный;Отрадный;
Пестравка;Пестравка;
Похвистнево;Похвистнево;
Прибрежный;Прибрежный;
Приволжье;Приволжье;
Самара;Самара;
Сергиевск;Сергиевск;
Суходол;Суходол;
Сызрань;Сызрань;
Тольятти;Тольятти;
Хворостянка;Хворостянка;
Чапаевск;Чапаевск;
Челно-Вершины;Челно-Вершины;
Шентала;Шентала;
Шигоны;Шигоны;
Аркадак;Аркадак;
Аткарск;Аткарск;
Базарный Карабулак;Базарный Карабулак;
Балаково;Балаково;
Балашов;Балашов;
Вольск;Вольск;
Дергачи;Дергачи;
Дубки;Дубки;
Елшанка;Елшанка;
Ершов;Ершов;
Калининск;Калининск;
Красный Кут;Красный Кут;
Маркс;Маркс;
Новоузенск;Новоузенск;
Озинки;Озинки;
Перелюб;Перелюб;
Петровск;Петровск;
Пугачев;Пугачев;
Ртищево;Ртищево;
Самойловка;Самойловка;
Саратов;Саратов;
Татищево;Татищево;
Хвалынск;Хвалынск;
Шиханы;Шиханы;
Энгельс;Энгельс;
Базарный Сызган;Базарный Сызган;
Барыш;Барыш;
Вешкайма;Вешкайма;
Димитровград;Димитровград;
Инза;Инза;
Ишеевка;Ишеевка;
Карсун;Карсун;
Кузоватово;Кузоватово;
Майна;Майна;
Новая Малыкла;Новая Малыкла;
Новоспасское;Новоспасское;
Новоульяновск;Новоульяновск;
Павловка;Павловка;
Радищево;Радищево;
Сенгилей;Сенгилей;
Старая Кулатка;Старая Кулатка;
Старая Майна;Старая Майна;
Сурское;Сурское;
Ульяновск;Ульяновск;
Чердаклы;Чердаклы;
Цильна;Цильна;
Альменево;Альменево;
Белозерское;Белозерское;
Варгаши;Варгаши;
Введенское;Введенское;
Глядянское;Глядянское;
Далматово;Далматово;
Звериноголовское;Звериноголовское;
Иковка;Иковка;
Каргаполье;Каргаполье;
Катайск;Катайск;
Кетово;Кетово;
Курган;Курган;
Куртамыш;Куртамыш;
Лесниково;Лесниково;
Макушино;Макушино;
Медвежье Озеро;Медвежье Озеро;
Мишкино;Мишкино;
Мокроусово;Мокроусово;
Петухово;Петухово;
Половинное;Половинное;
Просвет;Просвет;
Сафакулево;Сафакулево;
Уксянское;Уксянское;
Частоозерье;Частоозерье;
Шадринск;Шадринск;
Шатрово;Шатрово;
Шумиха;Шумиха;
Щучье;Щучье;
Юргамыш;Юргамыш;
Сиреневый;Сиреневый;
Александровск;Александровск;
Барда;Барда;
Березники;Березники;
Берёзовка;Берёзовка;
Бершеть;Бершеть;
Большая Соснова;Большая Соснова;
Верещагино;Верещагино;
Всевлодо-Вильва;Всевлодо-Вильва;
Гайны;Гайны;
Гамово;Гамово;
Гремячинск;Гремячинск;
Губаха;Губаха;
Добрянка;Добрянка;
Елово;Елово;
Звёздный;Звёздный;
Зюкайка;Зюкайка;
Карагай;Карагай;
Керчевский;Керчевский;
Кизел;Кизел;
Кондратово;Кондратово;
Коса;Коса;
Кочёво;Кочёво;
Красновишерск;Красновишерск;
Краснокамск;Краснокамск;
Кудымкар;Кудымкар;
Куеда;Куеда;
Кукуштан;Кукуштан;
Култаево;Култаево;
Кунгур;Кунгур;
Лобаново;Лобаново;
Лысьва;Лысьва;
Лямино;Лямино;
Майкор;Майкор;
Майский;Майский;
Марковский;Марковский;
Новоильинский;Новоильинский;
Нытва;Нытва;
Орда;Орда;
Оханск;Оханск;
Очер;Очер;
Пашия;Пашия;
Пермь;Пермь;
Пожва;Пожва;
Полазна;Полазна;
Сарс;Сарс;
Сива;Сива;
Соликамск;Соликамск;
Суксун;Суксун;
Сылва;Сылва;
Теплая Гора;Теплая Гора;
Углеуральский;Углеуральский;
Уинское;Уинское;
Уральский;Уральский;
Усолье;Усолье;
Усть-Качка;Усть-Качка;
Яйва;Яйва;
Усть-Кишерть;Усть-Кишерть;
Фоки;Фоки;
Чайковский;Чайковский;
Частые;Частые;
Чердынь;Чердынь;
Чермоз;Чермоз;
Чернушка;Чернушка;
Чусовой;Чусовой;
Юрла;Юрла;
Юсьва;Юсьва;
Авдон;Авдон;
Агидель;Агидель;
Акъяр;Акъяр;
Алкино-2;Алкино-2;
Амзя;Амзя;
Архангельское;Архангельское;
Аскарово;Аскарово;
Аскино;Аскино;
Байкалово;Байкалово;
Баймак;Баймак;
Бакалы;Бакалы;
Белебей;Белебей;
Белорецк;Белорецк;
Бижбуляк;Бижбуляк;
Бирск;Бирск;
Большеустьикинское;Большеустьикинское;
Буздяк;Буздяк;
Булгаково;Булгаково;
Бураево;Бураево;
Верхнеяркеево;Верхнеяркеево;
Верхние Киги;Верхние Киги;
Верхние Татышлы;Верхние Татышлы;
Давлеканово;Давлеканово;
Дмитриевка;Дмитриевка;
Дуван;Дуван;
Дюртюли;Дюртюли;
Ермекеево;Ермекеево;
Ермолаево;Ермолаево;
Зилаир;Зилаир;
Зирган;Зирган;
Иглино;Иглино;
Инзер;Инзер;
Исянгулово;Исянгулово;
Ишимбай;Ишимбай;
Кабаково;Кабаково;
Калтасы;Калтасы;
Кандры;Кандры;
Караидель;Караидель;
Кармаскалы;Кармаскалы;
Киргиз-Мияки;Киргиз-Мияки;
Красная Горка;Красная Горка;
Красноусольский;Красноусольский;
Краснохолмский;Краснохолмский;
Красный Коммунар;Красный Коммунар;
Кумертау;Кумертау;
Кушнаренково;Кушнаренково;
Куяново;Куяново;
Ломовка;Ломовка;
Малояз;Малояз;
Маячный;Маячный;
Межгорье;Межгорье;
Мелеуз;Мелеуз;
Месягутово;Месягутово;
Мраково;Мраково;
Нефтекамск;Нефтекамск;
Юмагузино;Юмагузино;
Нижнетроицкий;Нижнетроицкий;
Николо-Березовка;Николо-Березовка;
Новобелокатай;Новобелокатай;
Прибельский;Прибельский;
Приютово;Приютово;
Раевский;Раевский;
Салават;Салават;
Семилетка;Семилетка;
Серафимовский;Серафимовский;
Сибай;Сибай;
Старобалтачево;Старобалтачево;
Старосубхангулово;Старосубхангулово;
Стерлибашево;Стерлибашево;
Стерлитамак;Стерлитамак;
Темясово;Темясово;
Тирлянский;Тирлянский;
Толбазы;Толбазы;
Туймазы;Туймазы;
Улукулево;Улукулево;
Улу-Теляк;Улу-Теляк;
Уфа;Уфа;
Учалы;Учалы;
Федоровка;Федоровка;
Чекмагуш;Чекмагуш;
Чишмы;Чишмы;
Шаран;Шаран;
Языково;Языково;
Янаул;Янаул;
Азанка;Азанка;
Акбаш;Акбаш;
Алапаевск;Алапаевск;
Арамиль;Арамиль;
Артемовский;Артемовский;
Арти;Арти;
Асбест;Асбест;
Атиг;Атиг;
Ачит;Ачит;
Балтым;Балтым;
Баранчинский;Баранчинский;
Белоярский;Белоярский;
Билимбай;Билимбай;
Бисерть;Бисерть;
Бобровский;Бобровский;
Богданович;Богданович;
Большебрусянское;Большебрусянское;
Большой Исток;Большой Исток;
Буланаш;Буланаш;
Бутка;Бутка;
Валериановск;Валериановск;
Верхнее Дуброво;Верхнее Дуброво;
Верх-Нейвинский;Верх-Нейвинский;
Верхние Серги;Верхние Серги;
Верхний Тагил;Верхний Тагил;
Верхняя Пышма;Верхняя Пышма;
Верхняя Салда;Верхняя Салда;
Верхняя Синячиха;Верхняя Синячиха;
Верхняя Сысерть;Верхняя Сысерть;
Верхняя Тура;Верхняя Тура;
Верхотурье;Верхотурье;
Волчанск;Волчанск;
Гари;Гари;
Гилёва;Гилёва;
Горноуральский;Горноуральский;
Горный Щит;Горный Щит;
Грязновское;Грязновское;
Двуреченск;Двуреченск;
Дегтярск;Дегтярск;
Дружинино;Дружинино;
Екатеринбург;Екатеринбург, Ебург, Екат;
Еланский;Еланский;
Заводоуспенское;Заводоуспенское;
Зайково;Зайково;
Заря;Заря;
Ивдель;Ивдель;
Ирбит;Ирбит;
Ис;Ис;
Исеть;Исеть;
Исток;Исток;
Калиновка;Калиновка;
Калья;Калья;
Каменск-Уральский;Каменск-Уральский;
Камышлов;Камышлов;
Карпинск;Карпинск;
Щелкун;Щелкун;
Качканар;Качканар;
Кашино;Кашино;
Кедровое;Кедровое;
Кировград;Кировград;
Киселевка;Киселевка;
Колюткино;Колюткино;
Косулино;Косулино;
Красногвардейский;Красногвардейский;
Краснотурьинск;Краснотурьинск;
Красноуральск;Красноуральск;
Красноуфимск;Красноуфимск;
Крылатовский;Крылатовский;
Кузино;Кузино;
Курьи;Курьи;
Кушва;Кушва;
Ленинский;Ленинский;
Лобва;Лобва;
Лосиный;Лосиный;
Луговской;Луговской;
Малышева;Малышева;
Манчаж;Манчаж;
Марамзино;Марамзино;
Мартюш;Мартюш;
Махнево;Махнево;
Михайловск;Михайловск;
Монетный;Монетный;
Натальинск;Натальинск;
Невьянск;Невьянск;
Некрасово;Некрасово;
Нижние Серги;Нижние Серги;
Нижний Тагил;Нижний Тагил;
Нижняя Салда;Нижняя Салда;
Нижняя Тура;Нижняя Тура;
Николо-Павловское;Николо-Павловское;
Новая Ляля;Новая Ляля;
Новая Рассоха;Новая Рассоха;
Новоалексеевское;Новоалексеевское;
Новоуральск;Новоуральск;
Новоуткинск;Новоуткинск;
Павда;Павда;
Патруши;Патруши;
Пелым;Пелым;
Первоуральск;Первоуральск;
Петрокаменское;Петрокаменское;
Платоново;Платоново;
Поварня;Поварня;
Покровское;Покровское;
Полеводство;Полеводство;
Полевской;Полевской;
Половинный;Половинный;
Привокзальный;Привокзальный;
Прохладный;Прохладный;
Пышма;Пышма;
Реж;Реж;
Рефтинский;Рефтинский;
Решёты;Решёты;
Рудный;Рудный;
Садовый;Садовый;
Северка;Северка;
Североуральск;Североуральск;
Серов;Серов;
Совхозный;Совхозный;
Сосьва;Сосьва;
Среднеуральск;Среднеуральск;
Средний Бугалыш;Средний Бугалыш;
Старопышминск;Старопышминск;
Староуткинск;Староуткинск;
Сухой Лог;Сухой Лог;
Сысерть;Сысерть;
Таборы;Таборы;
Тавда;Тавда;
Талица;Талица;
Токарево;Токарево;
Троицкий;Троицкий;
Тугулым;Тугулым;
Туринск;Туринск;
Туринская Слобода;Туринская Слобода;
Уралец;Уралец;
Урмикеево;Урмикеево;
Уфимский;Уфимский;
Цементный;Цементный;
Черданцево;Черданцево;
Черемухово;Черемухово;
Черноисточинск;Черноисточинск;
Шабровский;Шабровский;
Шайдурово;Шайдурово;
Шаля;Шаля;
Шамары;Шамары;
Шиловка;Шиловка;
Шувакиш;Шувакиш;
Юшала;Юшала;
Абатское;Абатское;
Андреевский;Андреевский;
Антипино;Антипино;
Армизонское;Армизонское;
Аромашево;Аромашево;
Бердюжье;Бердюжье;
Богандинский;Богандинский;
Большое;Большое;
Большое Сорокино;Большое Сорокино;
Боровский;Боровский;
Вагай;Вагай;
Викулово;Викулово;
Винзили;Винзили;
Голышманово;Голышманово;
Демьянка;Демьянка;
Заводоуковск;Заводоуковск;
Исетское;Исетское;
Ишим;Ишим;
Казанское;Казанское;
Каскара;Каскара;
Мелиораторов;Мелиораторов;
Нижняя Тавда;Нижняя Тавда;
Новая Заимка;Новая Заимка;
Новоселезнево;Новоселезнево;
Омутинское;Омутинское;
Онохино;Онохино;
Петелино;Петелино;
Сладково;Сладково;
Сумкино;Сумкино;
Тарманы;Тарманы;
Тобольск;Тобольск;
Туртас;Туртас;
Тюмень;Тюмень;
Уват;Уват;
Упорово;Упорово;
Успенка;Успенка;
Червишево;Червишево;
Юргинское;Юргинское;
Ялуторовск;Ялуторовск;
Агириш;Агириш;
Андра;Андра;
Барсово;Барсово;
Берёзово;Берёзово;
Горноправдинск;Горноправдинск;
Зеленоборск;Зеленоборск;
Игрим;Игрим;
Излучинск;Излучинск;
Когалым;Когалым;
Коммунистический;Коммунистический;
Кондинское;Кондинское;
Куминский;Куминский;
Лангепас;Лангепас;
Луговой;Луговой;
Лянтор;Лянтор;
Малиновский;Малиновский;
Мегион;Мегион;
Междуреченский;Междуреченский;
Мортка;Мортка;
Нефтеюганск;Нефтеюганск;
Нижневартовск;Нижневартовск;
Нижнесортымский;Нижнесортымский;
Новоаганск;Новоаганск;
Нягань;Нягань;
Пойковский;Пойковский;
Покачи;Покачи;
Приобье;Приобье;
Пыть-Ях;Пыть-Ях;
Салым;Салым;
Сентябрьский;Сентябрьский;
Сургут;Сургут;
Таёжный;Таёжный;
Талинка;Талинка;
Унъюган;Унъюган;
Урай;Урай;
Федоровский;Федоровский;
Ханты-Мансийск;Ханты-Мансийск;
Югорск;Югорск;
Локосово;Локосово;
Агаповка;Агаповка;
Аргаяш;Аргаяш;
Аша;Аша;
Багаряк;Багаряк;
Бакал;Бакал;
Бердяуш;Бердяуш;
Бобровка;Бобровка;
Бреды;Бреды;
Бродокалмак;Бродокалмак;
Варна;Варна;
Вахрушево;Вахрушево;
Верхнеуральск;Верхнеуральск;
Верхний Уфалей;Верхний Уфалей;
Вишневогорск;Вишневогорск;
Григорьевка;Григорьевка;
Долгодеревенское;Долгодеревенское;
Еманжелинка;Еманжелинка;
Еманжелинск;Еманжелинск;
Еткуль;Еткуль;
Зауральский;Зауральский;
Златоуст;Златоуст;
Канашево;Канашево;
Карталы;Карталы;
Касли;Касли;
Катав-Ивановск;Катав-Ивановск;
Кизильское;Кизильское;
Коелга;Коелга;
Копейск;Копейск;
Коркино;Коркино;
Кременкуль;Кременкуль;
Кропачево;Кропачево;
Кунашак;Кунашак;
Куса;Куса;
Кыштым;Кыштым;
Локомотивный;Локомотивный;
Магнитка;Магнитка;
Магнитогорск;Магнитогорск, Магнитка;
Межевой;Межевой;
Межозёрный;Межозёрный;
Миасс;Миасс;
Миасское;Миасское;
Миньяр;Миньяр;
Новогорный;Новогорный;
Нязепетровск;Нязепетровск;
Пласт;Пласт;
Полетаево;Полетаево;
Роза;Роза;
Сатка;Сатка;
Сим;Сим;
Снежинск;Снежинск;
Тимирязевский;Тимирязевский;
Трехгорный;Трехгорный;
Чесма;Чесма;
Тургояк;Тургояк;
Тюбук;Тюбук;
Увельский;Увельский;
Уйское;Уйское;
Усть-Катав;Усть-Катав;
Фершампенуаз;Фершампенуаз;
Чебаркуль;Чебаркуль;
Челябинск;Челябинск, Челяба;
Южноуральск;Южноуральск;
Юрюзань;Юрюзань;
Аксарка;Аксарка;
Вынгапуровский;Вынгапуровский;
Губкинский;Губкинский;
Коротчаево;Коротчаево;
Красноселькуп;Красноселькуп;
Лабытнанги;Лабытнанги;
Мужи;Мужи;
Муравленко;Муравленко;
Мыс Каменный;Мыс Каменный;
Надым;Надым;
Новый Порт;Новый Порт;
Новый Уренгой;Новый Уренгой;
Ноябрьск;Ноябрьск;
Пангоды;Пангоды;
Приозёрный;Приозёрный;
Пурпе;Пурпе;
Сабетта;Сабетта;
Салехард;Салехард;
Тазовский;Тазовский;
Тарко-Сале;Тарко-Сале;
Уренгой;Уренгой;
Ханымей;Ханымей;
Харп;Харп;
Яр-Сале;Яр-Сале;
Ямбург;Ямбург;
Алтуд;Алтуд;
Анзорей;Анзорей;
Аргудан;Аргудан;
Баксан;Баксан;
Баксаненок;Баксаненок;
Дыгулыбгей;Дыгулыбгей;
Екатериноградская;Екатериноградская;
Залукокоаже;Залукокоаже;
Заюково;Заюково;
Исламей;Исламей;
Карагач;Карагач;
Кашхатау;Кашхатау;
Кенже;Кенже;
Кишпек;Кишпек;
Куба;Куба;
Малка;Малка;
Нальчик;Нальчик;
Нартан;Нартан;
Нарткала;Нарткала;
Сармаково;Сармаково;
Солдатская;Солдатская;
Терек;Терек;
Тырныауз;Тырныауз;
Хасанья;Хасанья;
Чегем;Чегем;
Чегем Второй;Чегем Второй;
Шалушка;Шалушка;
Эльбрус;Эльбрус;
Адыге-Хабль;Адыге-Хабль;
Али-Бердуковский;Али-Бердуковский;
Зеленчукская;Зеленчукская;
Икон-Халк;Икон-Халк;
Исправная;Исправная;
Карачаевск;Карачаевск;
Кардоникская;Кардоникская;
Красный Курган;Красный Курган;
Кумыш;Кумыш;
Курджиново;Курджиново;
Медногорский;Медногорский;
Орджоникидзевский;Орджоникидзевский;
Преградная;Преградная;
Псыж;Псыж;
Сары-Тюз;Сары-Тюз;
Сторожевая;Сторожевая;
Теберда;Теберда;
Терезе;Терезе;
Усть-Джегута;Усть-Джегута;
Учкекен;Учкекен;
Хабез;Хабез;
Чапаевское;Чапаевское;
Черкесск;Черкесск;
Эркен-Шахар;Эркен-Шахар;
Абинск;Абинск;
Абрау-Дюрсо;Абрау-Дюрсо;
Агой;Агой;
Агроном;Агроном;
Адагум;Адагум;
Адлер;Адлер;
Азовская;Азовская;
Александровская;Александровская;
Алексеевская;Алексеевская;
Анапа;Анапа;
Анапская;Анапская;
Анастасиевская;Анастасиевская;
Андрюки;Андрюки;
Апшеронск;Апшеронск;
Армавир;Армавир;
Архангельская;Архангельская;
Архипо-Осиповка;Архипо-Осиповка;
Атаманская;Атаманская;
Афипский;Афипский;
Ахтанизовская;Ахтанизовская;
Ахтарский;Ахтарский;
Ахтырский;Ахтырский;
Баговская;Баговская;
Батуринская;Батуринская;
Белая Глина;Белая Глина;
Белозерный;Белозерный;
Белореченск;Белореченск;
Березанская;Березанская;
Бесскорбная;Бесскорбная;
Бриньковская;Бриньковская;
Брюховецкая станица;Брюховецкая станица;
Варениковская;Варениковская;
Васюринская;Васюринская;
Великовечное;Великовечное;
Венцы;Венцы;
Верхнебаканский;Верхнебаканский;
Весёлое;Весёлое;
Виноградный;Виноградный;
Витязево;Витязево;
Владимирская;Владимирская;
Вознесенская;Вознесенская;
Воронежская;Воронежская;
Выселки;Выселки;
Высокое;Высокое;
Вышестеблиевская;Вышестеблиевская;
Гайдук;Гайдук;
Геленджик;Геленджик;
Гирей;Гирей;
Глебовка;Глебовка;
Глубокий;Глубокий;
Голубицкая;Голубицкая;
Горное Лоо;Горное Лоо;
Горячий Ключ;Горячий Ключ;
Гостагаевская;Гостагаевская;
Гривенская;Гривенская;
Губская;Губская;
Гулькевичи;Гулькевичи;
Дагомыс;Дагомыс;
Двубратский;Двубратский;
Джигинка;Джигинка;
Джубга;Джубга;
Дивноморское;Дивноморское;
Динская станица;Динская станица;
Дмитриевская;Дмитриевская;
Днепровская;Днепровская;
Должанская;Должанская;
Дядьковская;Дядьковская;
Ейск;Ейск;
Екатериновка;Екатериновка;
Елизаветинская;Елизаветинская;
Заветный;Заветный;
Ивановская;Ивановская;
Ильинская;Ильинская;
Ильский;Ильский;
Индустриальный;Индустриальный;
Кабардинка;Кабардинка;
Кавказская;Кавказская;
Казанская;Казанская;
Калининская;Калининская;
Калниболотская;Калниболотская;
Калужская;Калужская;
Камышеватская;Камышеватская;
Каневская;Каневская;
Киевское;Киевское;
Кирпильская;Кирпильская;
Кисляковская;Кисляковская;
Ковалевское;Ковалевское;
Коноково;Коноково;
Константиновская;Константиновская;
Копанская;Копанская;
Кореновск;Кореновск;
Коржевский;Коржевский;
Краснодар;Краснодар;
Красное;Красное;
Красносельский;Красносельский;
Кропоткин;Кропоткин;
Крыловская станица;Крыловская станица;
Крымск;Крымск;
Кубанский;Кубанский;
Курганинск;Курганинск;
Курчанская;Курчанская;
Кущевская станица;Кущевская станица;
Лабинск;Лабинск;
Ладожская;Ладожская;
Лазаревское;Лазаревское;
Ленинградская станица;Ленинградская станица;
Львовское;Львовское;
Майкопское;Майкопское;
Марьянская;Марьянская;
Медведовская;Медведовская;
Мингрельская;Мингрельская;
Мирской;Мирской;
Михайловская;Михайловская;
Мостовской;Мостовской;
Мысхако;Мысхако;
Натухаевская;Натухаевская;
Небуг;Небуг;
Незамаевская;Незамаевская;
Некрасовская;Некрасовская;
Нижнебаканская;Нижнебаканская;
Нижняя Шиловка;Нижняя Шиловка;
Новоалексеевская;Новоалексеевская;
Новобейсугская;Новобейсугская;
Нововеличковская;Нововеличковская;
Новодеревянковская;Новодеревянковская;
Новоджерелиевская;Новоджерелиевская;
Новодмитриевская;Новодмитриевская;
Новокорсунская;Новокорсунская;
Новокубанск;Новокубанск;
Новолабинская;Новолабинская;
Новолеушковская;Новолеушковская;
Новомалороссийская;Новомалороссийская;
Новоминская;Новоминская;
Новомихайловский;Новомихайловский;
Новомышастовская;Новомышастовская;
Новониколаевская;Новониколаевская;
Новоплатнировская;Новоплатнировская;
Новопокровская;Новопокровская;
Новорождественская;Новорождественская;
Новороссийск;Новороссийск;
Новотитаровская;Новотитаровская;
Новоукраинское;Новоукраинское;
Новощербиновская;Новощербиновская;
Октябрьская;Октябрьская;
Ольгинская;Ольгинская;
Орел-Изумруд;Орел-Изумруд;
Отрадная;Отрадная;
Отрадо-Кубанское;Отрадо-Кубанское;
Отрадо-Ольгинское;Отрадо-Ольгинское;
Павловская;Павловская;
Парковый;Парковый;
Передовая;Передовая;
Переправная;Переправная;
Переясловская;Переясловская;
Петровская;Петровская;
Петропавловская;Петропавловская;
Пластуновская;Пластуновская;
Платнировская;Платнировская;
Полтавская;Полтавская;
Попутная;Попутная;
Привольная;Привольная;
Прикубанский;Прикубанский;
Приморско-Ахтарск;Приморско-Ахтарск;
Прочноокопская;Прочноокопская;
Псебай;Псебай;
Пшехская;Пшехская;
Раевская;Раевская;
Раздольная;Раздольная;
Роговская;Роговская;
Родниковская;Родниковская;
Рязанская;Рязанская;
Саратовская;Саратовская;
Северская станица;Северская станица;
Сенной;Сенной;
Славянск-на-Кубани;Славянск-на-Кубани;
Смоленская;Смоленская;
Советская;Советская;
Соколовское;Соколовское;
Сочи;Сочи;
Спокойная;Спокойная;
Ставропольская;Ставропольская;
Старая Станица;Старая Станица;
Старовеличковская;Старовеличковская;
Стародеревянковская;Стародеревянковская;
Староджерелиевская;Староджерелиевская;
Старокорсунская;Старокорсунская;
Старолеушковская;Старолеушковская;
Староминская;Староминская;
Старомышастовская;Старомышастовская;
Старонижестеблиевская;Старонижестеблиевская;
Старотитаровская;Старотитаровская;
Старощербиновская;Старощербиновская;
Стрелка;Стрелка;
Супсех;Супсех;
Тамань;Тамань;
Тбилисская;Тбилисская;
Темижбекская;Темижбекская;
Темиргоевская;Темиргоевская;
Темрюк;Темрюк;
Терновская;Терновская;
Тимашевск;Тимашевск;
Тихорецк;Тихорецк;
Троицкая;Троицкая;
Трудобеликовский;Трудобеликовский;
Туапсе;Туапсе;
Удобная;Удобная;
Упорная;Упорная;
Успенское;Успенское;
Усть-Лабинск;Усть-Лабинск;
Фастовецкая;Фастовецкая;
Хадыженск;Хадыженск;
Холмская;Холмская;
Цибанобалка;Цибанобалка;
Чамлыкская;Чамлыкская;
Челбасская;Челбасская;
Черноерковская;Черноерковская;
Черноморский;Черноморский;
Шедок;Шедок;
Шепси;Шепси;
Широчанка;Широчанка;
Шкуринская;Шкуринская;
Эстосадок;Эстосадок;
Юровка;Юровка;
Ярославская;Ярославская;
Ясенская;Ясенская;
Абадзехская;Абадзехская;
Адыгейск;Адыгейск;
Белое;Белое;
Блечепсин;Блечепсин;
Вольное;Вольное;
Гиагинская;Гиагинская;
Дмитриевский;Дмитриевский;
Дондуковская;Дондуковская;
Каменномостский;Каменномостский;
Кошехабль;Кошехабль;
Красногвардейское;Красногвардейское;
Кужорская;Кужорская;
Майкоп;Майкоп;
Натырбово;Натырбово;
Новая Адыгея;Новая Адыгея;
Понежукай;Понежукай;
Северо-Восточные Сады;Северо-Восточные Сады;
Тахтамукай;Тахтамукай;
Тлюстенхабль;Тлюстенхабль;
Тульский;Тульский;
Хакуринохабль;Хакуринохабль;
Ханская;Ханская;
Хатукай;Хатукай;
Ходзь;Ходзь;
Энем;Энем;
Яблоновский;Яблоновский;
Аксай;Аксай;
Акуша;Акуша;
Альбурикент;Альбурикент;
Анди;Анди;
Ансалта;Ансалта;
Ахты;Ахты;
Бабаюрт;Бабаюрт;
Белиджи;Белиджи;
Ботлих;Ботлих;
Буйнакск;Буйнакск;
Верхнее Казанище;Верхнее Казанище;
Геджух;Геджух;
Гергебиль;Гергебиль;
Губден;Губден;
Дагестанские Огни;Дагестанские Огни;
Дербент;Дербент;
Дылым;Дылым;
Зубутли-Миатли;Зубутли-Миатли;
Избербаш;Избербаш;
Кака-Шура;Кака-Шура;
Карабудахкент;Карабудахкент;
Каспийск;Каспийск;
Касумкент;Касумкент;
Каякент;Каякент;
Кизилюрт;Кизилюрт;
Кизляр;Кизляр;
Коркмаскала;Коркмаскала;
Кочубей;Кочубей;
Куруш;Куруш;
Кяхулай;Кяхулай;
Леваши;Леваши;
Ленинкент;Ленинкент;
Магарамкент;Магарамкент;
Маджалис;Маджалис;
Мамедкала;Мамедкала;
Манаскент;Манаскент;
Махачкала;Махачкала;
Нечаевка;Нечаевка;
Нижнее Казанище;Нижнее Казанище;
Нижний Дженгутай;Нижний Дженгутай;
Новая Мака;Новая Мака;
Новокаякент;Новокаякент;
Новолакское;Новолакское;
Новый Кяхулай;Новый Кяхулай;
Новый Сулак;Новый Сулак;
Новый Хушет;Новый Хушет;
Новый Чиркей;Новый Чиркей;
Семендер;Семендер;
Сергокала;Сергокала;
Сулак;Сулак;
Тарки;Тарки;
Тарумовка;Тарумовка;
Терекли-Мектеб;Терекли-Мектеб;
Тюбе;Тюбе;
Усиша;Усиша;
Хасавюрт;Хасавюрт;
Чонтаул;Чонтаул;
Шамхал-Термен;Шамхал-Термен;
Шамилькала;Шамилькала;
Южно-Сухокумск;Южно-Сухокумск;
Али-Юрт;Али-Юрт;
Барсуки;Барсуки;
Верхние Ачалуки;Верхние Ачалуки;
Галашки;Галашки;
Долаково;Долаково;
Инарки;Инарки;
Кантышево;Кантышево;
Карабулак;Карабулак;
Магас;Магас;
Малгобек;Малгобек;
Назрань;Назрань;
Нестеровская;Нестеровская;
Плиево;Плиево;
Сагопши;Сагопши;
Сунжа;Сунжа;
Сурхахи;Сурхахи;
Экажево;Экажево;
Яндаре;Яндаре;
Алагир;Алагир;
Ардон;Ардон;
Архонская;Архонская;
Беслан;Беслан;
Владикавказ;Владикавказ;
Гизель;Гизель;
Дигора;Дигора;
Заводской;Заводской;
Змейская;Змейская;
Ир;Ир;
Камбилеевское;Камбилеевское;
Карджин;Карджин;
Луковская;Луковская;
Майское;Майское;
Моздок;Моздок;
Ногир;Ногир;
Ольгинское;Ольгинское;
Павлодольская;Павлодольская;
Тарское;Тарское;
Терская;Терская;
Хумалаг;Хумалаг;
Чермен;Чермен;
Чикола;Чикола;
Эльхотово;Эльхотово;
Александрийская;Александрийская;
Александрия;Александрия;
Анджиевский;Анджиевский;
Арзгир;Арзгир;
Ачикулак;Ачикулак;
Балахоновское;Балахоновское;
Барсуковская;Барсуковская;
Безопасное;Безопасное;
Бекешевская;Бекешевская;
Бешпагир;Бешпагир;
Благодарный;Благодарный;
Благодатное;Благодатное;
Большая Джалга;Большая Джалга;
Боргустанская;Боргустанская;
Буденновск;Буденновск;
Бурлацкое;Бурлацкое;
Величаевское;Величаевское;
Верхнерусское;Верхнерусское;
Винсады;Винсады;
Высоцкое;Высоцкое;
Галюгаевская;Галюгаевская;
Георгиевск;Георгиевск;
Георгиевская;Георгиевская;
Горячеводский;Горячеводский;
Гофицкое;Гофицкое;
Гражданское;Гражданское;
Григорополисская;Григорополисская;
Демино;Демино;
Дивное;Дивное;
Дмитриевское;Дмитриевское;
Донское;Донское;
Елизаветинское;Елизаветинское;
Ессентуки;Ессентуки;
Ессентукская;Ессентукская;
Железноводск;Железноводск;
Заветное;Заветное;
Затеречный;Затеречный;
Зеленокумск;Зеленокумск;
Зольская;Зольская;
Изобильный;Изобильный;
Иноземцево;Иноземцево;
Ипатово;Ипатово;
Иргаклы;Иргаклы;
Казьминское;Казьминское;
Канглы;Канглы;
Кара-Тюбе;Кара-Тюбе;
Каясула;Каясула;
Кевсала;Кевсала;
Кисловодск;Кисловодск;
Комсомолец;Комсомолец;
Константиновское;Константиновское;
Кочубеевское;Кочубеевское;
Краснокумское;Краснокумское;
Красный Пахарь;Красный Пахарь;
Круглолесское;Круглолесское;
Радуга;Радуга;
Крымгиреевское;Крымгиреевское;
Кугульта;Кугульта;
Курсавка;Курсавка;
Курская;Курская;
Ладовская Балка;Ладовская Балка;
Левокумка;Левокумка;
Левокумское;Левокумское;
Лермонтов;Лермонтов;
Летняя Ставка;Летняя Ставка;
Лысогорская;Лысогорская;
Марьинская;Марьинская;
Минеральные Воды;Минеральные Воды;
Московское;Московское;
Нагутское;Нагутское;
Надежда;Надежда;
Невинномысск;Невинномысск;
Нежинский;Нежинский;
Незлобная;Незлобная;
Нефтекумск;Нефтекумск;
Нины;Нины;
Новоалександровск;Новоалександровск;
Новоблагодарное;Новоблагодарное;
Новозаведенное;Новозаведенное;
Новопавловск;Новопавловск;
Новоселицкое;Новоселицкое;
Новотроицкая;Новотроицкая;
Обильное;Обильное;
Орловка;Орловка;
Отказное;Отказное;
Пелагиада;Пелагиада;
Подкумок;Подкумок;
Покойное;Покойное;
Правокумское;Правокумское;
Прасковея;Прасковея;
Преградное;Преградное;
Птичье;Птичье;
Пятигорск;Пятигорск;
Пятигорский;Пятигорский;
Расшеватская;Расшеватская;
Русское;Русское;
Рыздвяный;Рыздвяный;
Светлоград;Светлоград;
Свободы;Свободы;
Солдато-Александровское;Солдато-Александровское;
Солнечнодольск;Солнечнодольск;
Соломенское;Соломенское;
Солуно-Дмитриевское;Солуно-Дмитриевское;
Сотниковское;Сотниковское;
Спицевка;Спицевка;
Ставрополь;Ставрополь;
Стародубское;Стародубское;
Старомарьевка;Старомарьевка;
Старопавловская;Старопавловская;
Степное;Степное;
Суворовская;Суворовская;
Сухая Буйвола;Сухая Буйвола;
Татарка;Татарка;
Темижбекский;Темижбекский;
Тищенское;Тищенское;
Труновское;Труновское;
Урожайное;Урожайное;
Чернолесское;Чернолесское;
Эдиссия;Эдиссия;
Этока;Этока;
Юца;Юца;
Ясная Поляна;Ясная Поляна;
Автуры;Автуры;
Аллерой;Аллерой;
Алхан-Кала;Алхан-Кала;
Аргун;Аргун;
Ассиновская;Ассиновская;
Ачхой-Мартан;Ачхой-Мартан;
Бачи-Юрт;Бачи-Юрт;
Гелдаган;Гелдаган;
Герменчук;Герменчук;
Гехи;Гехи;
Гойты;Гойты;
Грозный;Грозный;
Гудермес;Гудермес;
Катыр-Юрт;Катыр-Юрт;
Курчалой;Курчалой;
Майртуп;Майртуп;
Мескер-Юрт;Мескер-Юрт;
Наурская;Наурская;
Ойсхара;Ойсхара;
Самашки;Самашки;
Серноводская;Серноводская;
Старые Атаги;Старые Атаги;
Урус-Мартан;Урус-Мартан;
Цоци-Юрт;Цоци-Юрт;
Червлённая;Червлённая;
Шали;Шали;
Шелковская;Шелковская;
Белгород;Белгород;
Бессоновка;Бессоновка;
Бирюч;Бирюч;
Борисовка;Борисовка;
Валуйки;Валуйки;
Вейделевка;Вейделевка;
Волоконовка;Волоконовка;
Головчино;Головчино;
Грайворон;Грайворон;
Губкин;Губкин;
Дубовое;Дубовое;
Ивня;Ивня;
Короча;Короча;
Красная Яруга;Красная Яруга;
Ливенка;Ливенка;
Маслова Пристань;Маслова Пристань;
Новый Оскол;Новый Оскол;
Пролетарский;Пролетарский;
Прохоровка;Прохоровка;
Разумное;Разумное;
Ракитное;Ракитное;
Северный;Северный;
Скородное;Скородное;
Старый Оскол;Старый Оскол;
Стрелецкое;Стрелецкое;
Строитель;Строитель;
Томаровка;Томаровка;
Уразово;Уразово;
Чернянка;Чернянка;
Шебекино;Шебекино;
Ровеньки;Ровеньки;
Алтухово;Алтухово;
Баклань;Баклань;
Белая Берёзка;Белая Берёзка;
Белые Берега;Белые Берега;
Брянск;Брянск;
Бытошь;Бытошь;
Выгоничи;Выгоничи;
Вышков;Вышков;
Глинищево;Глинищево;
Глоднево;Глоднево;
Гобики;Гобики;
Гордеевка;Гордеевка;
Добрунь;Добрунь;
Дятьково;Дятьково;
Жирятино;Жирятино;
Злынка;Злынка;
Ивот;Ивот;
Карачев;Карачев;
Клетня;Клетня;
Климово;Климово;
Клинцы;Клинцы;
Кокино;Кокино;
Кокоревка;Кокоревка;
Комаричи;Комаричи;
Красная Гора;Красная Гора;
Локоть;Локоть;
Лопандино;Лопандино;
Любохна;Любохна;
Мглин;Мглин;
Меленск;Меленск;
Мичуринский;Мичуринский;
Мишковка;Мишковка;
Навля;Навля;
Нивное;Нивное;
Новозыбков;Новозыбков;
Новый Ропск;Новый Ропск;
Овстуг;Овстуг;
Погар;Погар;
Почеп;Почеп;
Ржаница;Ржаница;
Рогнедино;Рогнедино;
Свень;Свень;
Севск;Севск;
Сеща;Сеща;
Синезерки;Синезерки;
Слободище;Слободище;
Стародуб;Стародуб;
Старые Бобовичи;Старые Бобовичи;
Старь;Старь;
Суземка;Суземка;
Супонево;Супонево;
Сураж;Сураж;
Троебортное;Троебортное;
Трубчевск;Трубчевск;
Унеча;Унеча;
Десятуха;Десятуха;
Чуровичи;Чуровичи;
Абрамовка;Абрамовка;
Анна;Анна;
Бобров;Бобров;
Богучар;Богучар;
Борисоглебск;Борисоглебск;
Бутурлиновка;Бутурлиновка;
Верхний Мамон;Верхний Мамон;
Верхняя Хава;Верхняя Хава;
Воля;Воля;
Воробьёвка;Воробьёвка;
Воронеж;Воронеж;
Воронцовка;Воронцовка;
Гремячье;Гремячье;
Грибановский;Грибановский;
Давыдовка;Давыдовка;
Девица;Девица;
Елань-Колено;Елань-Колено;
Землянск;Землянск;
Калач;Калач;
Кантемировка;Кантемировка;
Каширское;Каширское;
Колодезный;Колодезный;
Латная;Латная;
Лиски;Лиски;
Лосево;Лосево;
Митрофановка;Митрофановка;
Нижнедевицк;Нижнедевицк;
Нижний Кисляй;Нижний Кисляй;
Новая Усмань;Новая Усмань;
Нововоронеж;Нововоронеж;
Новохоперск;Новохоперск;
Новохопёрск;Новохопёрск;
Ольховатка;Ольховатка;
Орлово;Орлово;
Острогожск;Острогожск;
Панино;Панино;
Пески;Пески;
Поворино;Поворино;
Подгоренский;Подгоренский;
Рамонь;Рамонь;
Репьевка;Репьевка;
Россошь;Россошь;
свх Масловский;свх Масловский;
Семилуки;Семилуки;
Сомово;Сомово;
Средний Икорец;Средний Икорец;
Стрелица;Стрелица;
Таловая;Таловая;
Терновка;Терновка;
Углянец;Углянец;
Хохол;Хохол;
Хохольский;Хохольский;
Эртиль;Эртиль;
Бабяково;Бабяково;
Бабынино;Бабынино;
Балабаново;Балабаново;
Барятино;Барятино;
Белоусово;Белоусово;
Бетлица;Бетлица;
Боровск;Боровск;
Воротынск;Воротынск;
Ворсино;Ворсино;
Детчино;Детчино;
Думиничи;Думиничи;
Ермолино;Ермолино;
Жиздра;Жиздра;
Жилетово;Жилетово;
Жуков;Жуков;
Износки;Износки;
Калуга;Калуга;
Козельск;Козельск;
Кондрово;Кондрово;
Кременки;Кременки;
Людиново;Людиново;
Малоярославец;Малоярославец;
Медынь;Медынь;
Мещовск;Мещовск;
Мосальск;Мосальск;
Обнинск;Обнинск;
Перемышль;Перемышль;
Полотняный Завод;Полотняный Завод;
Пятовский;Пятовский;
Сосенский;Сосенский;
Спас-Деменск;Спас-Деменск;
Сухиничи;Сухиничи;
Таруса;Таруса;
Товарково;Товарково;
Ульяново;Ульяново;
Ферзиково;Ферзиково;
Хвастовичи;Хвастовичи;
Юхнов;Юхнов;
Белая;Белая;
Большое Солдатское;Большое Солдатское;
Веселое;Веселое;
Ворошнево;Ворошнево;
Глушково;Глушково;
Горшечное;Горшечное;
Дмитриев-Льговский;Дмитриев-Льговский;
Дьяконово;Дьяконово;
Золотухино;Золотухино;
Касторное;Касторное;
Кировский;Кировский;
Конышевка;Конышевка;
Коренево;Коренево;
Курск;Курск;
Курчатов;Курчатов;
Кшенский;Кшенский;
Льгов;Льгов;
Медвенка;Медвенка;
Обоянь;Обоянь;
Поныри;Поныри;
поселок Карла Либкнехта;поселок Карла Либкнехта;
поселок Маршала Жукова;поселок Маршала Жукова;
Посёлок имени Карла Либкнехта;Посёлок имени Карла Либкнехта;
Пристень;Пристень;
Прямицыно;Прямицыно;
Рыльск;Рыльск;
Суджа;Суджа;
Тёткино;Тёткино;
Тим;Тим;
Фатеж;Фатеж;
Хомутовка;Хомутовка;
Черемисиново;Черемисиново;
Черницыно;Черницыно;
Щигры;Щигры;
Боринское;Боринское;
Волово;Волово;
Грязи;Грязи;
Данков;Данков;
Добринка;Добринка;
Доброе;Доброе;
Долгоруково;Долгоруково;
Елец;Елец;
Задонск;Задонск;
Измалково;Измалково;
Ильино;Ильино;
Каликино;Каликино;
Лебедянь;Лебедянь;
Липецк;Липецк;
Плавица;Плавица;
поселок Лев Толстой;поселок Лев Толстой;
Становое;Становое;
Тербуны;Тербуны;
Усмань;Усмань;
Хлевное;Хлевное;
Чаплыгин;Чаплыгин;
Болхов;Болхов;
Верховье;Верховье;
Глазуновка;Глазуновка;
Дмитровск;Дмитровск;
Долгое;Долгое;
Залегощь;Залегощь;
Змиевка;Змиевка;
Знаменка;Знаменка;
Колпна;Колпна;
Колпны;Колпны;
Корсаково;Корсаково;
Красная Заря;Красная Заря;
Кромы;Кромы;
Ливны;Ливны;
Малоархангельск;Малоархангельск;
Мценск;Мценск;
Нарышкино;Нарышкино;
Новосиль;Новосиль;
Орел;Орел;
Отрадинское;Отрадинское;
Тросна;Тросна;
Хотынец;Хотынец;
Агеево;Агеево;
Бондари;Бондари;
Гавриловка Вторая;Гавриловка Вторая;
Жердевка;Жердевка;
Инжавино;Инжавино;
Кирсанов;Кирсанов;
Котовск;Котовск;
Мичуринск;Мичуринск;
Мордово;Мордово;
Моршанск;Моршанск;
Мучкапский;Мучкапский;
Пичаево;Пичаево;
Рассказово;Рассказово;
Ржакса;Ржакса;
Сатинка;Сатинка;
Староюрьево;Староюрьево;
Тамбов;Тамбов;
Татаново;Татаново;
Токаревка;Токаревка;
Уварово;Уварово;
Алексин;Алексин;
Арсеньево;Арсеньево;
Белев;Белев;
Богородицк;Богородицк;
Болохово;Болохово;
Бородинский;Бородинский;
Брусянский;Брусянский;
Венев;Венев;
Головеньковский;Головеньковский;
Грицовский;Грицовский;
Донской;Донской;
Дубовка;Дубовка;
Епифань;Епифань;
Ефремов;Ефремов;
Заокский;Заокский;
Карамышево;Карамышево;
Кимовск;Кимовск;
Киреевск;Киреевск;
Крапивна;Крапивна;
Лазарево;Лазарево;
Липки;Липки;
Ломинцевский;Ломинцевский;
Молочные Дворы;Молочные Дворы;
Мордвес;Мордвес;
Новогуровский;Новогуровский;
Новомосковск;Новомосковск;
Одоев;Одоев;
Осиновая Гора;Осиновая Гора;
Плавск;Плавск;
Плеханово;Плеханово;
Приупский;Приупский;
Ревякино;Ревякино;
Северо-Задонск;Северо-Задонск;
Славный;Славный;
Сокольники;Сокольники;
Суворов;Суворов;
Теплое;Теплое;
Товарковский;Товарковский;
Тула;Тула;
Узловая;Узловая;
Хрущево;Хрущево;
Чекалин;Чекалин;
Черепеть;Черепеть;
Чернь;Чернь;
Шатск;Шатск;
Шварцевский;Шварцевский;
Щекино;Щекино;
Гремячее;Гремячее;
Аксарайский;Аксарайский;
Астрахань;Астрахань;
Ахтубинск;Ахтубинск;
Байбек;Байбек;
Бахтемир;Бахтемир;
Бирюковка;Бирюковка;
Болхуны;Болхуны;
Буруны;Буруны;
Верхний Баскунчак;Верхний Баскунчак;
Волго-Каспийский;Волго-Каспийский;
Волжское;Волжское;
Володарский;Володарский;
Енотаевка;Енотаевка;
Житное;Житное;
Зензели;Зензели;
Знаменск;Знаменск;
Золотуха;Золотуха;
Икряное;Икряное;
Камызяк;Камызяк;
Капустин Яр;Капустин Яр;
Карагали;Карагали;
Килинчи;Килинчи;
Кочковатка;Кочковатка;
Красные Баррикады;Красные Баррикады;
Лиман;Лиман;
Марфино;Марфино;
Мумра;Мумра;
Нариманов;Нариманов;
Началово;Началово;
Нижний Баскунчак;Нижний Баскунчак;
Ново-Николаевка;Ново-Николаевка;
Образцово-Травино;Образцово-Травино;
Оранжереи;Оранжереи;
Осыпной Бугор;Осыпной Бугор;
Разночиновка;Разночиновка;
Растопуловка;Растопуловка;
Сасыколи;Сасыколи;
Селитренное;Селитренное;
Солёное Займище;Солёное Займище;
Солодники;Солодники;
Солянка;Солянка;
Старокучергановка;Старокучергановка;
Татарская Башмаковка;Татарская Башмаковка;
Три Протока;Три Протока;
Трудфронт;Трудфронт;
Тузуклей;Тузуклей;
Тумак;Тумак;
Ушаковка;Ушаковка;
Харабали;Харабали;
Хошеутово;Хошеутово;
Черный Яр;Черный Яр;
Прикаспийский;Прикаспийский;
Яксатово;Яксатово;
Яндыки;Яндыки;
Алупка;Алупка;
Алушта;Алушта;
Армянск;Армянск;
Балаклава;Балаклава;
Бахчисарай;Бахчисарай;
Гаспра;Гаспра;
Гвардейское;Гвардейское;
Грэсовский;Грэсовский;
Гурзуф;Гурзуф;
Джанкой;Джанкой;
Евпатория;Евпатория;
Инкерман;Инкерман;
Керчь;Керчь;
Кировское;Кировское;
Коктебель;Коктебель;
Красноперекопск;Красноперекопск;
Кубанское;Кубанское;
Ленино;Ленино;
Мирное;Мирное;
Морское;Морское;
Нижнегорский;Нижнегорский;
Ореанда;Ореанда;
Приморский;Приморский;
Саки;Саки;
Севастополь;Севастополь;
Симоненко;Симоненко;
Симферополь;Симферополь;
Старый Крым;Старый Крым;
Судак;Судак;
Феодосия;Феодосия;
Ферсманово;Ферсманово;
Форос;Форос;
Черноморское;Черноморское;
Чистенькое;Чистенькое;
Щёлкино;Щёлкино;
Ялта;Ялта;
Симеиз;Симеиз;
Антиповка;Антиповка;
Береславка;Береславка;
Большие Чапурники;Большие Чапурники;
Большой Лычак;Большой Лычак;
Ветютнев;Ветютнев;
Волгоград;Волгоград;
Гуляевка;Гуляевка;
Даниловка;Даниловка;
Дудаченский;Дудаченский;
Елань;Елань;
Ерзовка;Ерзовка;
Жирновск;Жирновск;
Заплавное;Заплавное;
Зензеватка;Зензеватка;
Иловля;Иловля;
Калач-на-Дону;Калач-на-Дону;
Камышин;Камышин;
Кирпичный;Кирпичный;
Кислово;Кислово;
Клетская;Клетская;
Колобродов;Колобродов;
Котельниково;Котельниково;
Котово;Котово;
Красные Липки;Красные Липки;
Кумылженская;Кумылженская;
Ленинск;Ленинск;
Лог;Лог;
Лычак;Лычак;
Малодельская;Малодельская;
Медведицкий;Медведицкий;
Нехаевская;Нехаевская;
Нижний Чир;Нижний Чир;
Николаевск;Николаевск;
Новая Паника;Новая Паника;
Новоаннинский;Новоаннинский;
Новониколаевский;Новониколаевский;
Новый Рогачик;Новый Рогачик;
Образцы;Образцы;
Ольховка;Ольховка;
Палласовка;Палласовка;
Петров Вал;Петров Вал;
Писарёвка;Писарёвка;
Преображенская;Преображенская;
Рубёжный;Рубёжный;
Рябовский;Рябовский;
Среднецарицынский;Среднецарицынский;
Савинка;Савинка;
Светлый Яр;Светлый Яр;
Себрово;Себрово;
Серафимович;Серафимович;
Средняя Ахтуба;Средняя Ахтуба;
Старая Полтавка;Старая Полтавка;
Суровикино;Суровикино;
Урюпинск;Урюпинск;
Фролово;Фролово;
Чернышковский;Чернышковский;
Школьный;Школьный;
Шуруповский;Шуруповский;
Артезиан;Артезиан;
Большой Царын;Большой Царын;
Городовиковск;Городовиковск;
Ики-Бурул;Ики-Бурул;
Кетченеры;Кетченеры;
Коробкин;Коробкин;
Лагань;Лагань;
Малые Дербеты;Малые Дербеты;
Приютное;Приютное;
Садовое;Садовое;
Солёное;Солёное;
Улан-Хол;Улан-Хол;
Цаган Аман;Цаган Аман;
Шатта;Шатта;
Элиста;Элиста;
Яшалта;Яшалта;
Яшкуль;Яшкуль;
Виноградное;Виноградное;
Азов;Азов;
Арпачин;Арпачин;
Багаевская;Багаевская;
Батайск;Батайск;
Белая Калитва;Белая Калитва;
Боковская;Боковская;
Большая Мартыновка;Большая Мартыновка;
Большая Орловка;Большая Орловка;
Большие Салы;Большие Салы;
Большой Лог;Большой Лог;
Быстрогорский;Быстрогорский;
Верхнетемерницкий;Верхнетемерницкий;
Веселый;Веселый;
Вешенская;Вешенская;
Волгодонск;Волгодонск;
Гигант;Гигант;
Горняцкий;Горняцкий;
Грушевская;Грушевская;
Гуково;Гуково;
Донецк;Донецк;
Дубовское;Дубовское;
Егорлыкская;Егорлыкская;
Елкин;Елкин;
Жирнов;Жирнов;
Зверево;Зверево;
Зерноград;Зерноград;
Зимовники;Зимовники;
Кагальник;Кагальник;
Кагальницкая;Кагальницкая;
Калинин;Калинин;
Каменоломни;Каменоломни;
Каменск-Шахтинский;Каменск-Шахтинский;
Кашары;Кашары;
Кировская;Кировская;
Коксовый;Коксовый;
Константиновск;Константиновск;
Красноармейский;Красноармейский;
Красновка;Красновка;
Красноярская;Красноярская;
Красный Сулин;Красный Сулин;
Красюковская;Красюковская;
Кривянская;Кривянская;
Крым;Крым;
Куйбышево;Куйбышево;
Кулешовка;Кулешовка;
Летник;Летник;
Лихой;Лихой;
Мальчевская;Мальчевская;
Маньково-Калитвенская;Маньково-Калитвенская;
Матвеев-Курган;Матвеев-Курган;
Мелиховская;Мелиховская;
Мечетинская;Мечетинская;
Миллерово;Миллерово;
Песчаный;Песчаный;
Милютинская;Милютинская;
Морозовск;Морозовск;
Николаевская;Николаевская;
Новобатайск;Новобатайск;
Новобессергеневка;Новобессергеневка;
Новониколаевка;Новониколаевка;
Новочеркасск;Новочеркасск;
Новошахтинск;Новошахтинск;
Новый Егорлык;Новый Егорлык;
Обливская;Обливская;
Овощной;Овощной;
Орловский;Орловский;
Персиановский;Персиановский;
Песчанокопское;Песчанокопское;
Пешково;Пешково;
Приморка;Приморка;
Пролетарск;Пролетарск;
Развильное;Развильное;
Рассвет;Рассвет;
Ремонтное;Ремонтное;
Родионово-Несветайская;Родионово-Несветайская;
Романовская;Романовская;
Ростов-на-Дону;Ростов-на-Дону;
Сальск;Сальск;
Самарское;Самарское;
Сандата;Сандата;
Семикаракорск;Семикаракорск;
Синегорский;Синегорский;
Синявское;Синявское;
Станица Зеленчукская;Станица Зеленчукская;
Таганрог;Таганрог;
Тарасовский;Тарасовский;
Тацинская;Тацинская;
Углеродовский;Углеродовский;
Усть-Донецкий;Усть-Донецкий;
Целина;Целина;
Цимлянск;Цимлянск;
Чалтырь;Чалтырь;
Чертково;Чертково;
Шахты;Шахты;
Шолоховский;Шолоховский;
Бар;Бар;
Бершадь;Бершадь;
Винница;Винница;
Гайсин;Гайсин;
Гнивань;Гнивань;
Жмеринка;Жмеринка;
Ильинцы;Ильинцы;
Казатин;Казатин;
Крыжополь;Крыжополь;
Ладыжин;Ладыжин;
Липовец;Липовец;
Литин;Литин;
Могилев-Подольский;Могилев-Подольский;
Мурованые Куриловцы;Мурованые Куриловцы;
Немиров;Немиров;
Оратов;Оратов;
Песчанка;Песчанка;
Погребище;Погребище;
Теплик;Теплик;
Томашполь;Томашполь;
Тростянец;Тростянец;
Тульчин;Тульчин;
Тывров;Тывров;
Хмельник;Хмельник;
Чечельник;Чечельник;
Шаргород;Шаргород;
Ямполь;Ямполь;
Берестечко;Берестечко;
Владимир-Волынский;Владимир-Волынский;
Горохов;Горохов;
Иваничи;Иваничи;
Камень-Каширский;Камень-Каширский;
Киверцы;Киверцы;
Ковель;Ковель;
Локачи;Локачи;
Луцк;Луцк;
Любешов;Любешов;
Любомль;Любомль;
Маневичи;Маневичи;
Нововолынск;Нововолынск;
Ратно;Ратно;
Рожище;Рожище;
Старая Выжевка;Старая Выжевка;
Турийск;Турийск;
Устилуг;Устилуг;
Апостолово;Апостолово;
Васильковка;Васильковка;
Верхнеднепровск;Верхнеднепровск;
Верховцево;Верховцево;
Вольногорск;Вольногорск;
Днепродзержинск;Днепродзержинск;
Днепр;Днепр;
Желтые Воды;Желтые Воды;
Кривой Рог;Кривой Рог;
Кринички;Кринички;
Магдалиновка;Магдалиновка;
Марганец;Марганец;
Межевая;Межевая;
Никополь;Никополь;
Орджоникидзе;Орджоникидзе;
Павлоград;Павлоград;
Перещепино;Перещепино;
Першотравенск;Першотравенск;
Петриковка;Петриковка;
Подгородное;Подгородное;
Пятихатки;Пятихатки;
Синельниково;Синельниково;
Соленое;Соленое;
Софиевка;Софиевка;
Томаковка;Томаковка;
Царичанка;Царичанка;
Широкое;Широкое;
Юрьевка;Юрьевка;
Авдеевка;Авдеевка;
Амвросиевка;Амвросиевка;
Артемово;Артемово;
Белицкое;Белицкое;
Великая Новоселка;Великая Новоселка;
Волноваха;Волноваха;
Володарское;Володарское;
Горловка;Горловка;
Дебальцево;Дебальцево;
Димитров;Димитров;
Доброполье;Доброполье;
Докучаевск;Докучаевск;
Дружковка;Дружковка;
Енакиево;Енакиево;
Зугрэс;Зугрэс;
Краматорск;Краматорск;
Красный Лиман;Красный Лиман;
Курахово;Курахово;
Макеевка;Макеевка;
Мангуш;Мангуш;
Мариуполь;Мариуполь;
Марьинка;Марьинка;
Моспино;Моспино;
Новоазовск;Новоазовск;
Новогродовка;Новогродовка;
Родинское;Родинское;
Светлодарск;Светлодарск;
Святогорск;Святогорск;
Селидово;Селидово;
Славянск;Славянск;
Снежное;Снежное;
Соледар;Соледар;
Старобешево;Старобешево;
Тельманово;Тельманово;
Торез;Торез;
Угледар;Угледар;
Харцызск;Харцызск;
Ясиноватая;Ясиноватая;
Андрушевка;Андрушевка;
Барановка;Барановка;
Бердичев;Бердичев;
Брусилов;Брусилов;
Володарск-Волынский;Володарск-Волынский;
Емильчино;Емильчино;
Житомир;Житомир;
Иршанск;Иршанск;
Коростень;Коростень;
Коростышев;Коростышев;
Лугины;Лугины;
Любар;Любар;
Малин;Малин;
Народичи;Народичи;
Новоград-Волынский;Новоград-Волынский;
Овруч;Овруч;
Олевск;Олевск;
Попельня;Попельня;
Радомышль;Радомышль;
Романов;Романов;
Ружин;Ружин;
Червоноармейск;Червоноармейск;
Черняхов;Черняхов;
Чуднов;Чуднов;
Берегово;Берегово;
Великий Березный;Великий Березный;
Виноградов;Виноградов;
Воловец;Воловец;
Иршава;Иршава;
Мукачево;Мукачево;
Перечин;Перечин;
Рахов;Рахов;
Свалява;Свалява;
Тячев;Тячев;
Ужгород;Ужгород;
Хуст;Хуст;
Чоп;Чоп;
Акимовка;Акимовка;
Бердянск;Бердянск;
Большая Белозерка;Большая Белозерка;
Васильевка;Васильевка;
Вольнянск;Вольнянск;
Гуляйполе;Гуляйполе;
Днепрорудное;Днепрорудное;
Запорожье;Запорожье;
Каменка-Днепровская;Каменка-Днепровская;
Кирилловка;Кирилловка;
Мелитополь;Мелитополь;
Молочанск;Молочанск;
Орехов;Орехов;
Пологи;Пологи;
Приазовское;Приазовское;
Розовка;Розовка;
Токмак;Токмак;
Энергодар;Энергодар;
Богородчаны;Богородчаны;
Болехов;Болехов;
Бурштын;Бурштын;
Верховина;Верховина;
Городенка;Городенка;
Долина;Долина;
Ивано-Франковск;Ивано-Франковск;
Калуш;Калуш;
Коломыя;Коломыя;
Косов;Косов;
Надворная;Надворная;
Перегинское;Перегинское;
Поляница;Поляница;
Рогатин;Рогатин;
Рожнятов;Рожнятов;
Снятын;Снятын;
Тлумач;Тлумач;
Тысменица;Тысменица;
Яремче;Яремче;
Киев;Киев;
Барышевка;Барышевка;
Белая Церковь;Белая Церковь;
Белогородка;Белогородка;
Березань;Березань;
Богуслав;Богуслав;
Борисполь;Борисполь;
Бородянка;Бородянка;
Боярка;Боярка;
Бровары;Бровары;
Буча;Буча;
Васильков;Васильков;
Вишневое;Вишневое;
Володарка;Володарка;
Ворзель;Ворзель;
Вышгород;Вышгород;
Гнедин;Гнедин;
Гостомель;Гостомель;
Згуровка;Згуровка;
Иванков;Иванков;
Ирпень;Ирпень;
Кагарлык;Кагарлык;
Мироновка;Мироновка;
Обухов;Обухов;
Переяслав-Хмельницкий;Переяслав-Хмельницкий;
Полесское;Полесское;
Ржищев;Ржищев;
Сквира;Сквира;
Славутич;Славутич;
Ставище;Ставище;
Стоянка;Стоянка;
Тараща;Тараща;
Тетиев;Тетиев;
Узин;Узин;
Украинка;Украинка;
Фастов;Фастов;
Чабаны;Чабаны;
Яготин;Яготин;
Бобринец;Бобринец;
Гайворон;Гайворон;
Голованевск;Голованевск;
Добровеличковка;Добровеличковка;
Долинская;Долинская;
Кировоград;Кировоград;
Компанеевка;Компанеевка;
Малая Виска;Малая Виска;
Новгородка;Новгородка;
Новоархангельск;Новоархангельск;
Новомиргород;Новомиргород;
Новоукраинка;Новоукраинка;
Ольшанка;Ольшанка;
Онуфриевка;Онуфриевка;
Петрово;Петрово;
Светловодск;Светловодск;
Устиновка;Устиновка;
Алмазная;Алмазная;
Алчевск;Алчевск;
Антрацит;Антрацит;
Беловодск;Беловодск;
Белокуракино;Белокуракино;
Брянка;Брянка;
Краснодон;Краснодон;
Кременная;Кременная;
Лисичанск;Лисичанск;
Луганск;Луганск;
Лутугино;Лутугино;
Марковка;Марковка;
Меловое;Меловое;
Новоайдар;Новоайдар;
Новопсков;Новопсков;
Перевальск;Перевальск;
Попасная;Попасная;
Рубежное;Рубежное;
Сватово;Сватово;
Свердловск;Свердловск;
Северодонецк;Северодонецк;
Славяносербск;Славяносербск;
Станица Луганская;Станица Луганская;
Старобельск;Старобельск;
Стаханов;Стаханов;
Счастье;Счастье;
Червонопартизанск;Червонопартизанск;
Белз;Белз;
Бобрка;Бобрка;
Борислав;Борислав;
Броды;Броды;
Буск;Буск;
Великие Мосты;Великие Мосты;
Винники;Винники;
Глиняны;Глиняны;
Добромиль;Добромиль;
Дрогобыч;Дрогобыч;
Дубляны;Дубляны;
Жидачов;Жидачов;
Жолква;Жолква;
Золочев;Золочев;
Каменка-Бугская;Каменка-Бугская;
Львов;Львов;
Моршин;Моршин;
Мостиска;Мостиска;
Новояворовск;Новояворовск;
Перемышляны;Перемышляны;
Пустомыты;Пустомыты;
Рава-Русская;Рава-Русская;
Радехов;Радехов;
Роздол;Роздол;
Рудки;Рудки;
Самбор;Самбор;
Сколе;Сколе;
Сокаль;Сокаль;
Старый Самбор;Старый Самбор;
Стрый;Стрый;
Трускавец;Трускавец;
Турка;Турка;
Угнев;Угнев;
Хыров;Хыров;
Червоноград;Червоноград;
Яворов;Яворов;
Арбузинка;Арбузинка;
Баштанка;Баштанка;
Березанка;Березанка;
Березнеговатое;Березнеговатое;
Братское;Братское;
Веселиново;Веселиново;
Вознесенск;Вознесенск;
Врадиевка;Врадиевка;
Доманевка;Доманевка;
Еланец;Еланец;
Казанка;Казанка;
Кривое Озеро;Кривое Озеро;
Николаев;Николаев;
Новая Одесса;Новая Одесса;
Новый Буг;Новый Буг;
Очаков;Очаков;
Снигиревка;Снигиревка;
Южноукраинск;Южноукраинск;
Ананьев;Ананьев;
Арциз;Арциз;
Балта;Балта;
Белгород-Днестровский;Белгород-Днестровский;
Болград;Болград;
Великая Михайловка;Великая Михайловка;
Вилково;Вилково;
Измаил;Измаил;
Ильичевск;Ильичевск;
Килия;Килия;
Кодыма;Кодыма;
Коминтерновское;Коминтерновское;
Красные Окны;Красные Окны;
Любашевка;Любашевка;
Овидиополь;Овидиополь;
Одесса;Одесса;
Раздельная;Раздельная;
Рени;Рени;
Саврань;Саврань;
Сарата;Сарата;
Тарутино;Тарутино;
Татарбунары;Татарбунары;
Теплодар;Теплодар;
Фрунзовка;Фрунзовка;
Ширяево;Ширяево;
Великая Багачка;Великая Багачка;
Гадяч;Гадяч;
Глобино;Глобино;
Гребенка;Гребенка;
Диканька;Диканька;
Зеньков;Зеньков;
Карловка;Карловка;
Кобеляки;Кобеляки;
Козельщина;Козельщина;
Горишние Плавни;Горишние Плавни;
Котельва;Котельва;
Кременчуг;Кременчуг;
Лохвица;Лохвица;
Лубны;Лубны;
Машевка;Машевка;
Миргород;Миргород;
Новые Санжары;Новые Санжары;
Оржица;Оржица;
Пирятин;Пирятин;
Полтава;Полтава;
Решетиловка;Решетиловка;
Семеновка;Семеновка;
Хорол;Хорол;
Червонозаводское;Червонозаводское;
Чернухи;Чернухи;
Чутово;Чутово;
Шишаки;Шишаки;
Березно;Березно;
Владимирец;Владимирец;
Гоща;Гоща;
Демидовка;Демидовка;
Дубно;Дубно;
Дубровица;Дубровица;
Заречное;Заречное;
Здолбунов;Здолбунов;
Корец;Корец;
Костополь;Костополь;
Кузнецовск;Кузнецовск;
Млинов;Млинов;
Острог;Острог;
Радивилов;Радивилов;
Ровно;Ровно;
Рокитное;Рокитное;
Сарны;Сарны;
Ахтырка;Ахтырка;
Белополье;Белополье;
Бурынь;Бурынь;
Великая Писаревка;Великая Писаревка;
Ворожба;Ворожба;
Глухов;Глухов;
Конотоп;Конотоп;
Краснополье;Краснополье;
Кролевец;Кролевец;
Лебедин;Лебедин;
Липовая Долина;Липовая Долина;
Недригайлов;Недригайлов;
Путивль;Путивль;
Ромны;Ромны;
Середина-Буда;Середина-Буда;
Сумы;Сумы;
Шостка;Шостка;
Бережаны;Бережаны;
Борщев;Борщев;
Бучач;Бучач;
Гусятин;Гусятин;
Залещики;Залещики;
Збараж;Збараж;
Зборов;Зборов;
Козова;Козова;
Копычинцы;Копычинцы;
Кременец;Кременец;
Лановцы;Лановцы;
Монастыриска;Монастыриска;
Подволочиск;Подволочиск;
Подгайцы;Подгайцы;
Почаев;Почаев;
Скалат;Скалат;
Теребовля;Теребовля;
Тернополь;Тернополь;
Чортков;Чортков;
Шумск;Шумск;
Балаклея;Балаклея;
Барвенково;Барвенково;
Близнюки;Близнюки;
Богодухов;Богодухов;
Валки;Валки;
Великий Бурлук;Великий Бурлук;
Двуречная;Двуречная;
Зачепиловка;Зачепиловка;
Змиев;Змиев;
Изюм;Изюм;
Кегичевка;Кегичевка;
Коломак;Коломак;
Красноград;Красноград;
Краснокутск;Краснокутск;
Купянск;Купянск;
Лозовая;Лозовая;
Люботин;Люботин;
Малая Даниловка;Малая Даниловка;
Мерефа;Мерефа;
Новая Водолага;Новая Водолага;
Печенеги;Печенеги;
Сахновщина;Сахновщина;
Харьков;Харьков;
Чугуев;Чугуев;
Шевченково;Шевченково;
Белозерка;Белозерка;
Берислав;Берислав;
Великая Александровка;Великая Александровка;
Великая Лепетиха;Великая Лепетиха;
Великие Копани;Великие Копани;
Верхний Рогачик;Верхний Рогачик;
Высокополье;Высокополье;
Геническ;Геническ;
Голая Пристань;Голая Пристань;
Горностаевка;Горностаевка;
Каланчак;Каланчак;
Каховка;Каховка;
Нижние Серогозы;Нижние Серогозы;
Новая Каховка;Новая Каховка;
Нововоронцовка;Нововоронцовка;
Скадовск;Скадовск;
Таврийск;Таврийск;
Херсон;Херсон;
Цюрупинск;Цюрупинск;
Чаплинка;Чаплинка;
Белогорье;Белогорье;
Виньковцы;Виньковцы;
Волочиск;Волочиск;
Деражня;Деражня;
Дунаевцы;Дунаевцы;
Изяслав;Изяслав;
Каменец-Подольский;Каменец-Подольский;
Красилов;Красилов;
Летичев;Летичев;
Нетешин;Нетешин;
Новая Ушица;Новая Ушица;
Полонное;Полонное;
Славута;Славута;
Старая Синява;Старая Синява;
Староконстантинов;Староконстантинов;
Теофиполь;Теофиполь;
Хмельницкий;Хмельницкий;
Чемеровцы;Чемеровцы;
Шепетовка;Шепетовка;
Ярмолинцы;Ярмолинцы;
Ватутино;Ватутино;
Драбов;Драбов;
Жашков;Жашков;
Звенигородка;Звенигородка;
Золотоноша;Золотоноша;
Канев;Канев;
Катеринополь;Катеринополь;
Корсунь-Шевченковский;Корсунь-Шевченковский;
Лысянка;Лысянка;
Маньковка;Маньковка;
Монастырище;Монастырище;
Смела;Смела;
Тальное;Тальное;
Умань;Умань;
Христиновка;Христиновка;
Черкассы;Черкассы;
Чернобай;Чернобай;
Чигирин;Чигирин;
Шпола;Шпола;
Бахмач;Бахмач;
Бобровица;Бобровица;
Борзна;Борзна;
Варва;Варва;
Городня;Городня;
Ичня;Ичня;
Козелец;Козелец;
Короп;Короп;
Корюковка;Корюковка;
Куликовка;Куликовка;
Мена;Мена;
Нежин;Нежин;
Новгород-Северский;Новгород-Северский;
Носовка;Носовка;
Прилуки;Прилуки;
Репки;Репки;
Седнев;Седнев;
Сосница;Сосница;
Сребное;Сребное;
Талалаевка;Талалаевка;
Чернигов;Чернигов;
Щорс;Щорс;
Батурин;Батурин;
Вашковцы;Вашковцы;
Вижница;Вижница;
Герца;Герца;
Глыбокая;Глыбокая;
Заставна;Заставна;
Кельменцы;Кельменцы;
Кицмань;Кицмань;
Новоднестровск;Новоднестровск;
Новоселица;Новоселица;
Путила;Путила;
Сокиряны;Сокиряны;
Сторожинец;Сторожинец;
Хотин;Хотин;
Черновцы;Черновцы;
Акколь;Акколь;
Аксай (Казахстан);Аксай (Казахстан);
Аксу (Павлодар.обл);Аксу (Павлодар.обл);
Актау;Актау;
Актобе;Актобе;
Алга (Актюбинская обл);Алга (Актюбинская обл);
Алматы;Алматы;
Аральск;Аральск;
Аркалык;Аркалык;
Арысь (ЮКО);Арысь (ЮКО);
Астана;Астана;
Атбасар;Атбасар;
Атырау;Атырау;
Аулиеколь;Аулиеколь;
Аягоз (ВКО);Аягоз (ВКО);
Байконур (Кызылорд. обл);Байконур (Кызылорд. обл);
Балхаш;Балхаш;
Батпак;Батпак;
Баутино;Баутино;
Бейнеу (Мангистауская обл);Бейнеу (Мангистауская обл);
Бесколь;Бесколь;
Бурабай;Бурабай;
Ерейментау (Акмол.обл);Ерейментау (Акмол.обл);
Жаксы;Жаксы;
Жанаозен;Жанаозен;
Жанатас;Жанатас;
Жаркент;Жаркент;
Жезказган;Жезказган;
Жетысай;Жетысай;
Зайсан;Зайсан;
Зыряновск;Зыряновск;
Иссык;Иссык;
Казалы (Кызылорд. обл);Казалы (Кызылорд. обл);
Кандыагаш;Кандыагаш;
Капчагай;Капчагай;
Карабалык;Карабалык;
Караганда;Караганда;
Каратау;Каратау;
Каскелен;Каскелен;
Качар;Качар;
Кентау (ЮКО);Кентау (ЮКО);
Кокшетау;Кокшетау;
Кордай;Кордай;
Костанай;Костанай;
Кульсары;Кульсары;
Курчатов (Казахстан);Курчатов (Казахстан);
Кызылорда;Кызылорда;
Ленгер (ЮКО);Ленгер (ЮКО);
Макинск;Макинск;
Новоишимское;Новоишимское;
Осакаровка;Осакаровка;
Павлодар;Павлодар;
Петропавловск;Петропавловск;
Риддер (ВКО);Риддер (ВКО);
Саксаульский;Саксаульский;
Сарань;Сарань;
Сарканд;Сарканд;
Сарыагаш;Сарыагаш;
Сатпаев;Сатпаев;
Софиевка (Казахстан);Софиевка (Казахстан);
Семей;Семей;
Сергеевка (Северо-Казахстанская область);Сергеевка (Северо-Казахстанская область);
Серебрянск;Серебрянск;
Солнечный (ПГТ, Павлодарская обл);Солнечный (ПГТ, Павлодарская обл);
Степногорск;Степногорск;
Степняк;Степняк;
Тайынша;Тайынша;
Талгар;Талгар;
Талдыкорган;Талдыкорган;
Тараз;Тараз;
Текели;Текели;
Торгай;Торгай;
Туркестан;Туркестан;
Уральск;Уральск;
Усть-Каменогорск;Усть-Каменогорск;
Хромтау;Хромтау;
Чарск (Шар);Чарск (Шар);
Чунджа;Чунджа;
Шелек;Шелек;
Шемонаиха (ВКО);Шемонаиха (ВКО);
Шу;Шу;
Шымкент;Шымкент;
Щучинск;Щучинск;
Экибастуз;Экибастуз;
Агдаш;Агдаш;
Агджабеди;Агджабеди;
Агсу;Агсу;
Аджигабул;Аджигабул;
Акстафа;Акстафа;
Астара;Астара;
Баку;Баку;
Бейлаган;Бейлаган;
Билясувар;Билясувар;
Габала;Габала;
Газах;Газах;
Геранбой;Геранбой;
Гёйгёль;Гёйгёль;
Гёйтепе;Гёйтепе;
Гёйчай;Гёйчай;
Гянджа;Гянджа;
Дашкесан;Дашкесан;
Джалилабад;Джалилабад;
Джульфа;Джульфа;
Евлах;Евлах;
Закаталы;Закаталы;
Зардоб;Зардоб;
Имишли;Имишли;
Исмаиллы;Исмаиллы;
Казах;Казах;
Кахи;Кахи;
Кедабек;Кедабек;
Куба (Азербайджан);Куба (Азербайджан);
Кусары;Кусары;
Кюрдамир;Кюрдамир;
Ленкорань;Ленкорань;
Мингечаур;Мингечаур;
Нахичевань;Нахичевань;
Нефтечала;Нефтечала;
Ордубад;Ордубад;
Саатлы;Саатлы;
Сабирабад;Сабирабад;
Сальяны;Сальяны;
Сиазань;Сиазань;
Сумгаит;Сумгаит;
Тауз;Тауз;
Тертер;Тертер;
Уджары;Уджары;
Хачмаз;Хачмаз;
Худат;Худат;
Хырдалан;Хырдалан;
Шабран;Шабран;
Шамкир;Шамкир;
Шеки;Шеки;
Шемаха;Шемаха;
Ширван;Ширван;
Брест;Брест;
Барановичи;Барановичи;
Белоозерск;Белоозерск;
Береза;Береза;
Ганцевичи;Ганцевичи;
Давид-Городок;Давид-Городок;
Дрогичин;Дрогичин;
Жабинка;Жабинка;
Ивацевичи;Ивацевичи;
Каменец;Каменец;
Кобрин;Кобрин;
Коссово;Коссово;
Лунинец;Лунинец;
Ляховичи;Ляховичи;
Малорита;Малорита;
Микашевичи;Микашевичи;
Пинск;Пинск;
Пружаны;Пружаны;
Столин;Столин;
Телеханы;Телеханы;
Витебск;Витебск;
Барань;Барань;
Бешенковичи;Бешенковичи;
Браслав;Браслав;
Верхнедвинск;Верхнедвинск;
Глубокое;Глубокое;
Дисна;Дисна;
Докшицы;Докшицы;
Дубровно;Дубровно;
Лепель;Лепель;
Лиозно;Лиозно;
Миоры;Миоры;
Новолукомль;Новолукомль;
Новополоцк;Новополоцк;
Орша;Орша;
Полоцк;Полоцк;
Поставы;Поставы;
Россоны;Россоны;
Сенно;Сенно;
Толочин;Толочин;
Ушачи;Ушачи;
Чашники;Чашники;
Шарковщина;Шарковщина;
Шумилино;Шумилино;
Гомель;Гомель;
Брагин;Брагин;
Буда-Кошелево;Буда-Кошелево;
Ветка;Ветка;
Добруш;Добруш;
Ельск;Ельск;
Житковичи;Житковичи;
Жлобин;Жлобин;
Калинковичи;Калинковичи;
Корма;Корма;
Лельчицы;Лельчицы;
Лоев;Лоев;
Мозырь;Мозырь;
Наровля;Наровля;
Петриков;Петриков;
Речица;Речица;
Рогачев;Рогачев;
Туров;Туров;
Хойники;Хойники;
Чечерск;Чечерск;
Берестовица;Берестовица;
Большая Берестовица;Большая Берестовица;
Волковыск;Волковыск;
Вороново;Вороново;
Дятлово;Дятлово;
Зельва;Зельва;
Ивье;Ивье;
Кореличи;Кореличи;
Лида;Лида;
Мир;Мир;
Мосты;Мосты;
Новогрудок;Новогрудок;
Островец;Островец;
Ошмяны;Ошмяны;
Свислочь;Свислочь;
Скидель;Скидель;
Слоним;Слоним;
Сморгонь;Сморгонь;
Щучин;Щучин;
Гродно;Гродно;
Минск;Минск;
Березино;Березино;
Борисов;Борисов;
Вилейка;Вилейка;
Воложин;Воложин;
Жодино;Жодино;
Заславль;Заславль;
Клецк;Клецк;
Копыль;Копыль;
Крупки;Крупки;
Логойск;Логойск;
Марьина Горка;Марьина Горка;
Молодечно;Молодечно;
Мядель;Мядель;
Несвиж;Несвиж;
Слуцк;Слуцк;
Смолевичи;Смолевичи;
Солигорск;Солигорск;
Старые Дороги;Старые Дороги;
Столбцы;Столбцы;
Узда;Узда;
Фаниполь;Фаниполь;
Червень;Червень;
Могилев;Могилев;
Белыничи;Белыничи;
Бобруйск;Бобруйск;
Быхов;Быхов;
Глуск;Глуск;
Горки;Горки;
Дрибин;Дрибин;
Климовичи;Климовичи;
Кличев;Кличев;
Костюковичи;Костюковичи;
Кричев;Кричев;
Круглое;Круглое;
Мстиславль;Мстиславль;
Осиповичи;Осиповичи;
Хотимск;Хотимск;
Чаусы;Чаусы;
Чериков;Чериков;
Шклов;Шклов;
Кадино;Кадино;
Ахалцихе;Ахалцихе;
Батуми;Батуми;
Болниси;Болниси;
Боржоми;Боржоми;
Гардабани;Гардабани;
Гори;Гори;
Зестафони;Зестафони;
Зугдиди;Зугдиди;
Каспи;Каспи;
Кобулети;Кобулети;
Кутаиси;Кутаиси;
Марнеули;Марнеули;
Мцхета;Мцхета;
Озургети;Озургети;
Поти;Поти;
Рустави;Рустави;
Сагареджо;Сагареджо;
Самтредиа;Самтредиа;
Сенаки;Сенаки;
Тбилиси;Тбилиси;
Телави;Телави;
Ткибули;Ткибули;
Хашури;Хашури;
Хони;Хони;
Цхалтубо;Цхалтубо;
Чиатура;Чиатура;
Балыкчы;Балыкчы;
Баткен;Баткен;
Бишкек;Бишкек;
Джалал-Абад;Джалал-Абад;
Исфана;Исфана;
Кадамжай;Кадамжай;
Кант;Кант;
Кара-Балта;Кара-Балта;
Каракол;Каракол;
Кара-Куль;Кара-Куль;
Кара-Суу;Кара-Суу;
Кербен;Кербен;
Кочкор-Ата;Кочкор-Ата;
Кызыл-Кия;Кызыл-Кия;
Майлуу-Суу;Майлуу-Суу;
Нарын;Нарын;
Ноокат;Ноокат;
Ош;Ош;
Сулюкта;Сулюкта;
Талас;Талас;
Таш-Кумыр;Таш-Кумыр;
Токмок;Токмок;
Токтогул;Токтогул;
Узген;Узген;
Чолпон-Ата;Чолпон-Ата;
Аккурган;Аккурган;
Акташ (Узбекистан);Акташ (Узбекистан);
Алат (Узбекистан);Алат (Узбекистан);
Алмалык;Алмалык;
Ангрен;Ангрен;
Андижан;Андижан;
Асака;Асака;
Ахангаран;Ахангаран;
Ахунбабаев;Ахунбабаев;
Байсун;Байсун;
Бахт;Бахт;
Бекабад;Бекабад;
Беруни;Беруни;
Бешарык;Бешарык;
Бешкент;Бешкент;
Бука;Бука;
Булунгур;Булунгур;
Бустан;Бустан;
Бухара;Бухара;
Вабкент;Вабкент;
Гагарин (Узбекистан);Гагарин (Узбекистан);
Газалкент;Газалкент;
Газли;Газли;
Галаасия;Галаасия;
Галляарал;Галляарал;
Гиждуван;Гиждуван;
Гузар;Гузар;
Гулистан;Гулистан;
Даштабад;Даштабад;
Денау;Денау;
Джамбай;Джамбай;
Джаркурган;Джаркурган;
Джизак;Джизак;
Джума;Джума;
Дустабад;Дустабад;
Дустлик;Дустлик;
Зарафшан;Зарафшан;
Иштыхан;Иштыхан;
Каган;Каган;
Камаши;Камаши;
Каракуль;Каракуль;
Карасу;Карасу;
Карши;Карши;
Касан;Касан;
Касансай;Касансай;
Каттакурган;Каттакурган;
Келес;Келес;
Китаб;Китаб;
Коканд;Коканд;
Кува;Кува;
Кувасай;Кувасай;
Кумкурган;Кумкурган;
Кунград;Кунград;
Кургантепа;Кургантепа;
Кызылтепа;Кызылтепа;
Мангит;Мангит;
Маргилан;Маргилан;
Мархамат;Мархамат;
Мубарек;Мубарек;
Муйнак;Муйнак;
Навои;Навои;
Наманган;Наманган;
Нукус;Нукус;
Нурабад;Нурабад;
Нурата;Нурата;
Пайарык;Пайарык;
Пайтуг;Пайтуг;
Пап;Пап;
Паркент;Паркент;
Пахтаабад;Пахтаабад;
Пахтакор;Пахтакор;
Питнак;Питнак;
Пскент;Пскент;
Риштан;Риштан;
Ромитан;Ромитан;
Самарканд;Самарканд;
Сырдарья;Сырдарья;
Тахиаташ;Тахиаташ;
Ташкент;Ташкент;
Термез;Термез;
Тинчлик;Тинчлик;
Тойтепа;Тойтепа;
Туракурган;Туракурган;
Турткуль;Турткуль;
Ургенч;Ургенч;
Ургут;Ургут;
Учкудук;Учкудук;
Учкурган;Учкурган;
Фергана;Фергана;
Хаккулабад;Хаккулабад;
Ханабад;Ханабад;
Хива;Хива;
Ходжаабад;Ходжаабад;
Ходжейли;Ходжейли;
Чартак;Чартак;
Челек;Челек;
Чимбай;Чимбай;
Чиназ;Чиназ;
Чиракчи;Чиракчи;
Чирчик;Чирчик;
Чуст;Чуст;
Шаргунь;Шаргунь;
Шафиркан;Шафиркан;
Шахрисабз;Шахрисабз;
Шахрихан;Шахрихан;
Шерабад;Шерабад;
Ширин;Ширин;
Шуманай;Шуманай;
Шурчи;Шурчи;
Яйпан;Яйпан;
Яккабаг;Яккабаг;
Янгиер;Янгиер;
Янги-Нишан;Янги-Нишан;
Янгирабад;Янгирабад;
Янгиюль;Янгиюль;